avg_cadence,avg_heart_rate,avg_power,avg_speed,enhanced_avg_speed,enhanced_max_speed,ftp,id,intensity_factor,max_cadence,max_heart_rate,max_power,max_speed,normalized_power,threshold_power,timestamp,total_ascent,total_calories,total_cycles,total_descent,total_distance,total_elapsed_time,total_fat_calories,total_timer_time,training_stress_score
86.0,,180,7.929,7.929,16.222,252,2163639,0.915,145.0,,554,16.222,189.0,207.0,2017-01-14 10:19:21,493,1183.0,9402.0,492,52505.82,6677.979,0.0,6622.259,153.2
78.0,136,157,7.236,7.236,15.692,267,2163639,0.705,133.0,180,558,15.692,188.0,267.0,2018-02-18 11:06:24,1107,1967.0,,1110,83875.66,14208.0,,11591.0,159.7
84.0,134,173,0.0,0.0,,232,2163639,0.938,95.0,170,330,,194.0,207.0,2016-08-10 19:38:12,,727.0,5910.0,,0.0,4203.445,0.0,4203.445,102.1
,,,7.888,7.888,15.89,266,2163639,,,,,15.89,,,2017-04-07 12:20:45,196,968.0,,192,28904.62,3738.232,,3664.242,
,176,,4.598,4.598,5.225,278,2163639,,,181,,5.225,,,2018-03-25 07:55:32,3,405.0,,3,7015.34,1525.89,,1525.89,
80.0,153,,0.235,0.235,1.44,209,2163639,,86.0,170,,1.44,,,2015-09-20 09:37:14,89,321.0,1996.0,79,352.6,1566.367,0.0,1501.415,
93.0,,184,8.107,8.107,16.441,266,2163639,0.753,126.0,,611,16.441,200.0,266.0,2017-05-07 08:53:07,519,1181.0,9389.0,509,52298.26,6545.205,,6451.208,101.0
85.0,154,215,9.999,9.999,15.883,260,2163639,0.874,121.0,172,907,15.883,223.0,255.0,2018-08-05 09:10:05,221,2160.0,,225,87967.14,8869.0,,8798.0,186.1
82.0,145,171,7.838,7.838,16.76,249,2163639,0.991,124.0,183,592,16.76,205.0,207.0,2016-09-23 11:46:00,187,632.0,4995.0,198,28961.7,3719.39,0.0,3695.039,100.0
80.0,145,,0.0,0.0,,209,2163639,,109.0,163,,,,,2015-12-07 20:31:40,,856.0,7051.0,,0.0,5281.974,0.0,5281.974,
77.0,148,192,7.741,7.741,17.34,232,2163639,1.065,129.0,177,782,17.34,220.0,207.0,2016-07-10 14:46:28,803,1631.0,10848.0,792,66119.25,8927.127,0.0,8541.505,268.1
88.0,131,172,0.0,0.0,,232,2163639,0.903,122.0,161,305,,187.0,207.0,2016-08-03 19:34:50,,618.0,5292.0,,0.0,3601.323,0.0,3601.323,81.0
79.0,150,,7.198,7.198,15.895,209,2163639,,130.0,175,,15.895,,,2016-01-23 11:26:15,876,1927.0,14929.0,881,82170.49,11714.951,0.0,11415.714,
76.0,142,,7.26,7.26,16.664,192,2163639,,130.0,176,,16.664,,,2015-06-07 09:53:06,1046,1711.0,15297.0,1054,90021.8,14402.879,0.0,12399.362,
88.0,156,178,0.0,0.0,,209,2163639,0.94,100.0,183,293,,188.0,200.0,2016-06-16 19:03:41,,533.0,4394.0,,0.0,3001.425,0.0,3001.425,73.0
89.0,154,206,8.147,8.147,15.5,249,2163639,1.311,128.0,175,22276,15.5,271.0,207.0,2016-09-25 09:10:38,465,1329.0,9608.0,471,52982.38,6508.787,0.0,6503.409,308.7
85.0,,166,8.073,8.073,19.766,266,2163639,0.688,130.0,,546,19.766,183.0,266.0,2017-06-18 09:28:22,598,,,609,97124.22,13335.0,,12031.0,157.6
84.0,,135,8.011,8.011,11.402,266,2163639,0.571,114.0,,474,11.402,152.0,266.0,2017-05-11 16:48:22,53,329.0,3102.0,54,19678.59,2522.445,,2456.449,22.0
87.0,,157,7.644,7.644,15.862,261,2163639,0.934,130.0,,702,15.862,187.0,200.0,2017-02-12 11:18:59,860,2157.0,16754.0,852,102979.74,16046.123,,13472.757,312.3
76.0,129,,5.422,5.422,12.47,209,2163639,,226.0,169,,12.47,,,2015-12-30 10:38:35,224,582.0,4481.0,227,23140.73,4342.071,0.0,4267.624,
75.0,120,158,7.593,7.593,14.623,278,2163639,0.619,122.0,155,551,14.623,172.0,278.0,2018-05-06 09:46:15,612,1148.0,,601,94844.73,13479.0,,12491.0,132.8
81.0,154,162,9.576,9.576,11.735,192,2163639,0.867,94.0,179,296,11.735,173.0,200.0,2015-05-17 18:04:28,,876.0,7304.0,,51722.37,5401.488,0.0,5401.488,112.2
79.0,149,184,8.258,8.258,13.43,232,2163639,0.965,120.0,165,496,13.43,200.0,207.0,2016-07-30 08:26:32,54,173.0,1247.0,52,7815.02,946.722,0.0,946.337,23.7
90.0,134,,0.0,0.0,,209,2163639,,98.0,154,,,,,2016-01-14 17:39:02,,494.0,5396.0,,0.0,3600.8,0.0,3600.8,
96.0,,234,10.748,10.748,12.722,263,2163639,0.873,114.0,,627,12.722,232.0,266.0,2017-07-16 09:15:16,3,,,1,40025.43,6548.0,,3724.0,78.1
87.0,147,,0.0,0.0,,209,2163639,,106.0,169,,,,,2015-11-18 20:33:25,,796.0,7296.0,,0.0,5049.975,0.0,5049.975,
,,,4.575,4.575,5.636,266,2163639,,,,,5.636,,,2017-04-02 09:51:53,10,266.0,,8,3803.18,831.236,,831.236,
85.0,145,177,9.93,9.93,11.903,209,2163639,0.912,93.0,158,279,11.903,182.0,200.0,2015-09-08 17:02:22,,709.0,5672.0,,39927.43,4020.985,0.0,4020.985,92.2
87.0,,189,7.954,7.954,15.964,263,2163639,0.789,134.0,,716,15.964,210.0,266.0,2017-07-02 09:42:45,630,,,647,97306.66,14892.0,,12233.0,211.3
91.0,,184,8.568,8.568,16.077,266,2163639,0.788,149.0,,919,16.077,210.0,266.0,2017-04-08 13:13:33,767,2851.0,21492.0,719,133144.78,17212.127,,15539.785,267.5
30.0,,,1.083,1.083,3.516,249,2163639,,101.0,,,3.516,,,2016-09-11 06:30:50,,401.0,941.0,,2027.61,1872.377,0.0,1872.377,
84.0,157,168,9.712,9.712,12.166,192,2163639,0.904,97.0,183,857,12.166,181.0,200.0,2015-04-30 17:38:44,,604.0,5046.0,,34974.93,3601.282,0.0,3601.282,81.2
84.0,150,,7.482,7.482,14.717,209,2163639,,141.0,175,,14.717,,,2016-03-27 08:16:49,480,1121.0,9758.0,514,52922.33,7073.58,0.0,7073.58,
84.0,155,197,8.698,8.698,15.91,209,2163639,1.047,119.0,175,558,15.91,209.0,200.0,2016-06-24 19:15:47,204,653.0,4653.0,203,28974.02,3333.281,0.0,3331.05,100.5
73.0,134,174,7.236,7.236,15.93,252,2163639,0.993,134.0,171,540,15.93,205.0,207.0,2016-12-11 10:50:55,904,1913.0,13243.0,899,79836.35,11664.775,0.0,11032.623,300.9
80.0,146,,0.0,0.0,,209,2163639,,88.0,170,,,,,2015-09-20 08:39:21,,693.0,4803.0,,0.0,3600.549,0.0,3600.549,
69.0,123,,4.275,4.275,12.31,209,2163639,,115.0,164,,12.31,,,2016-02-07 07:44:16,66,205.0,1127.0,71,7189.03,1941.876,0.0,1681.644,
74.0,159,,7.405,7.405,14.637,192,2163639,,116.0,188,,14.637,,,2015-06-18 17:20:59,410,1301.0,7552.0,406,47065.51,6443.5,0.0,6356.231,
72.0,127,,6.264,6.264,13.071,192,2163639,,151.0,164,,13.071,,,2015-05-03 11:02:42,786,1418.0,14160.0,781,74883.99,12535.053,0.0,11954.272,
77.0,143,,6.631,6.631,12.671,186,2163639,,199.0,173,,12.671,,,2015-04-23 15:25:06,45,185.0,1139.0,71,7074.01,1067.147,0.0,1066.751,
60.0,,,4.778,4.778,13.75,209,2163639,,203.0,,,13.75,,,2016-06-18 09:35:42,46,194.0,853.0,67,5776.72,1361.346,0.0,1208.924,
72.0,143,162,7.116,7.116,19.25,249,2163639,0.949,128.0,182,625,19.25,196.0,207.0,2016-08-14 16:50:22,2222,3713.0,27438.0,2233,164129.56,32439.644,0.0,23065.288,576.3
84.0,,178,7.574,7.574,12.52,252,2163639,0.938,135.0,,472,12.52,194.0,207.0,2017-01-08 11:19:37,241,817.0,6369.0,185,35000.0,4763.091,0.0,4621.217,112.1
91.0,,199,8.962,8.962,18.298,263,2163639,0.802,133.0,,599,18.298,213.0,266.0,2017-07-09 09:05:59,518,,,534,52294.36,5997.0,,5835.0,103.7
82.0,147,159,9.353,9.353,12.359,192,2163639,0.857,100.0,175,319,12.359,171.0,200.0,2015-05-22 17:59:18,372,849.0,7423.0,677,50516.7,5403.025,0.0,5401.26,109.5
92.0,172,267,10.206,10.206,12.336,278,2163639,1.002,121.0,176,830,12.336,268.0,267.0,2018-03-25 08:56:26,1,541.0,,4,18992.77,3620.0,,1861.0,51.1
80.0,,180,9.914,9.914,16.702,209,2163639,0.966,110.0,,719,16.702,193.0,200.0,2015-08-20 15:54:53,,917.0,6792.0,,50698.77,5113.7,0.0,5113.7,131.6
,,,8.121,8.121,13.714,263,2163639,,,,,13.714,,266.0,2017-06-22 15:14:14,134,,,139,14715.04,1846.0,,1812.0,
77.0,139,,7.255,7.255,15.756,209,2163639,,115.0,167,,15.756,,,2015-10-18 09:20:20,524,913.0,8462.0,522,48350.47,6733.476,0.0,6664.007,
73.0,143,,7.501,7.501,18.681,209,2163639,,112.0,181,,18.681,,,2015-08-01 10:53:14,1167,2077.0,17137.0,1163,108124.12,16127.627,0.0,14415.034,
81.0,,173,7.274,7.274,15.494,261,2163639,0.738,114.0,,549,15.494,193.0,261.0,2017-02-05 10:18:35,592,1347.0,10361.0,596,56762.75,7992.037,0.0,7803.948,117.7
81.0,158,215,8.077,8.077,17.2,216,2163639,1.137,130.0,177,806,17.2,235.0,207.0,2016-07-03 08:25:33,356,938.0,5932.0,354,35515.53,4397.024,0.0,4397.024,156.7
56.0,152,178,9.822,9.822,16.34,192,2163639,0.958,105.0,171,643,16.34,192.0,200.0,2015-05-05 17:50:30,,640.0,3378.0,,35371.21,3601.16,0.0,3601.16,90.9
71.0,145,,6.894,6.894,13.331,209,2163639,,132.0,172,,13.331,,,2015-11-15 10:23:53,196,435.0,3194.0,155,18836.73,4544.603,0.0,2732.397,
76.0,143,,7.027,7.027,16.89,209,2163639,,137.0,181,,16.89,,,2016-01-10 11:35:24,794,1500.0,12778.0,796,71751.1,12439.377,0.0,10210.339,
79.0,160,197,8.479,8.479,16.5,216,2163639,1.057,116.0,180,759,16.5,219.0,207.0,2016-06-30 16:15:31,194,668.0,4443.0,208,28966.56,3417.477,0.0,3416.13,105.1
65.0,135,171,7.516,7.516,11.79,278,2163639,0.772,119.0,182,547,11.79,215.0,278.0,2018-05-21 15:30:08,63,167.0,,66,7719.31,1144.0,,1027.0,16.5
90.0,,178,9.477,9.477,12.976,266,2163639,0.714,112.0,,354,12.976,190.0,266.0,2017-06-09 06:35:56,3,,,3,3283.22,383.0,,345.0,4.9
86.0,124,,0.0,0.0,,209,2163639,,97.0,145,,,,,2016-05-18 12:30:33,,433.0,5185.0,,0.0,4046.123,0.0,3600.978,
78.0,153,184,7.789,7.789,17.357,278,2163639,0.705,127.0,177,814,17.357,196.0,278.0,2018-05-21 07:14:44,248,747.0,,259,23631.11,3234.0,,3034.0,41.5
77.0,144,,7.375,7.375,16.656,209,2163639,,122.0,171,,16.656,,,2016-04-03 09:03:28,714,1374.0,11153.0,709,65567.26,9877.813,0.0,8890.949,
83.0,141,,0.0,0.0,,209,2163639,,104.0,169,,,,,2016-03-23 08:52:17,,849.0,9084.0,,0.0,6600.805,0.0,6600.805,
80.0,,173,9.006,9.006,16.073,278,2163639,0.709,128.0,,699,16.073,189.0,267.0,2018-05-02 19:25:41,231,,,230,30269.67,3473.0,,3361.0,46.5
81.0,148,152,9.346,9.346,11.042,192,2163639,0.814,89.0,168,249,11.042,163.0,200.0,2015-05-27 17:19:37,,405.0,3662.0,,25242.29,2700.986,0.0,2700.986,49.1
81.0,159,,7.816,7.816,17.569,209,2163639,,119.0,178,,17.569,,,2015-08-16 10:40:30,859,1948.0,14360.0,866,83011.91,10621.275,0.0,10621.275,
92.0,130,181,7.895,7.895,14.378,268,2163639,0.728,130.0,155,547,14.378,196.0,269.0,2017-10-29 09:17:19,253,779.0,,260,42532.5,5478.0,,5387.0,78.8
85.0,146,181,0.0,0.0,,232,2163639,0.955,94.0,175,306,,198.0,207.0,2016-07-18 19:01:40,,743.0,5925.0,,0.0,4292.501,0.0,4201.607,105.8
87.0,136,165,9.68,9.68,11.848,209,2163639,0.871,93.0,163,287,11.848,174.0,200.0,2015-09-22 15:02:11,,391.0,3453.0,,23239.47,2400.661,0.0,2400.661,49.8
85.0,149,,0.0,0.0,,209,2163639,,92.0,199,,,,,2016-04-14 19:37:48,,71.0,2455.0,,0.0,1808.95,0.0,1800.663,
82.0,117,172,9.824,9.824,12.323,209,2163639,0.888,94.0,160,323,12.323,178.0,200.0,2015-08-04 17:07:49,,855.0,6803.0,,48938.35,4981.725,0.0,4981.725,108.3
76.0,129,182,8.107,8.107,16.232,278,2163639,0.78,119.0,166,592,16.232,208.0,267.0,2018-03-26 13:45:36,296,724.0,,303,42344.59,5628.0,,5223.0,87.8
54.0,,,5.687,5.687,19.203,209,2163639,,109.0,,,19.203,,,2015-08-29 17:33:34,1374,4534.0,16294.0,1457,125132.28,34040.619,0.0,22004.783,
65.0,138,,6.261,6.261,15.55,209,2163639,,165.0,188,,15.55,,,2015-11-29 11:24:52,455,923.0,6825.0,457,42632.43,7080.924,0.0,6808.823,
85.0,142,,7.993,7.993,15.29,209,2163639,,112.0,163,,15.29,,,2016-03-13 10:54:21,281,785.0,6247.0,293,35522.35,4444.051,0.0,4444.051,
90.0,162,236,9.96,9.96,16.761,264,2163639,0.961,127.0,175,530,16.761,245.0,255.0,2018-09-02 08:20:19,200,845.0,,210,32199.84,5947.0,,3233.0,82.1
89.0,161,195,10.263,10.263,12.013,209,2163639,1.027,98.0,183,318,12.013,205.0,200.0,2016-02-13 09:39:53,,525.0,4003.0,,27722.67,2701.34,0.0,2701.34,78.2
75.0,137,162,7.737,7.737,14.48,251,2163639,0.93,133.0,173,579,14.48,193.0,207.0,2016-11-13 10:39:39,687,1550.0,11885.0,680,74502.03,10468.568,0.0,9628.99,230.8
90.0,,197,8.309,8.309,20.857,266,2163639,0.794,134.0,,699,20.857,211.0,266.0,2017-05-28 08:55:39,1092,,,1095,91990.7,12040.0,,11067.0,193.7
67.0,140,,6.883,6.883,16.749,209,2163639,,126.0,184,,16.749,,,2015-10-25 10:57:54,725,1253.0,10362.0,737,65553.08,10003.301,0.0,9523.401,
82.0,142,202,8.798,8.798,16.743,278,2163639,0.797,135.0,163,591,16.743,213.0,267.0,2018-04-14 09:49:03,560,2278.0,,560,96560.67,11857.0,,10975.0,193.0
74.0,,156,6.122,6.122,12.45,232,2163639,0.973,106.0,,513,12.45,201.0,207.0,2016-08-11 16:27:09,57,190.0,1305.0,39,7487.04,1223.153,0.0,1222.998,31.4
81.0,151,,8.031,8.031,18.205,209,2163639,,139.0,170,,18.205,,,2016-05-15 09:46:04,943,2508.0,21161.0,955,128429.84,16316.16,0.0,15991.191,
87.0,109,149,0.0,0.0,,232,2163639,0.727,95.0,128,237,,150.0,207.0,2016-08-01 18:44:19,,268.0,2606.0,,0.0,1800.588,0.0,1800.588,26.0
86.0,148,182,10.049,10.049,11.735,192,2163639,0.925,94.0,167,279,11.735,185.0,,2015-06-25 16:09:20,,651.0,5132.0,,36186.95,3601.088,0.0,3601.088,84.9
84.0,149,,8.09,8.09,16.431,209,2163639,,110.0,169,,16.431,,,2015-08-23 07:56:15,509,1190.0,9125.0,519,53060.88,6558.522,0.0,6558.522,
,177,,4.76,4.76,5.533,278,2163639,,,184,,5.533,,,2018-04-08 10:10:21,8,215.0,,8,3816.43,801.711,,801.711,
85.0,148,164,9.646,9.646,11.278,192,2163639,0.834,94.0,166,251,11.278,167.0,,2015-06-04 16:56:17,,585.0,5102.0,,34740.88,3692.529,0.0,3601.459,68.9
82.0,157,188,8.503,8.503,15.26,232,2163639,1.019,134.0,179,710,15.26,211.0,,2016-08-04 13:08:12,198,635.0,4600.0,208,28997.89,3412.176,0.0,3410.34,97.5
81.0,148,,7.769,7.769,15.393,186,2163639,,111.0,181,,15.393,,,2015-04-26 09:13:33,584,1280.0,10912.0,584,63150.38,8466.704,0.0,8128.258,
93.0,142,186,8.259,8.259,16.814,261,2163639,1.016,117.0,166,538,16.814,203.0,200.0,2017-03-10 14:07:01,205,640.0,4941.0,187,28573.08,3495.721,,3459.725,98.4
85.0,158,,8.654,8.654,16.11,209,2163639,,119.0,174,,16.11,,,2016-04-09 11:22:39,838,2908.0,21600.0,842,134420.14,16298.849,0.0,15533.101,
84.0,149,182,0.0,0.0,,232,2163639,1.016,96.0,175,337,,210.0,207.0,2016-07-20 19:08:08,,655.0,5071.0,,0.0,3603.023,0.0,3603.023,102.4
85.0,,177,8.305,8.305,11.782,266,2163639,1.023,119.0,,20403,11.782,272.0,266.0,2017-06-09 06:29:21,16,,,14,7683.46,1002.0,,925.0,26.8
87.0,145,,0.0,0.0,,209,2163639,,106.0,167,,,,,2015-11-23 20:23:09,,878.0,7333.0,,0.0,5044.2,0.0,5044.2,
82.0,153,,8.256,8.256,17.301,209,2163639,,116.0,176,,17.301,,,2016-05-08 09:53:24,955,2415.0,18985.0,960,117572.46,15568.718,0.0,14241.167,
81.0,150,,7.914,7.914,15.945,209,2163639,,133.0,175,,15.945,,,2016-05-01 11:17:32,1028,3099.0,24988.0,1027,149127.92,20026.938,0.0,18844.418,
82.0,157,,8.278,8.278,13.337,192,2163639,,108.0,181,,13.337,,,2015-06-30 19:01:13,132,428.0,2919.0,136,17831.19,2205.621,0.0,2153.95,
84.0,156,,8.254,8.254,15.88,209,2163639,,146.0,183,,15.88,,,2016-06-22 19:14:23,171,675.0,4831.0,174,29025.52,3517.843,0.0,3516.675,
81.0,164,196,8.246,8.246,16.38,209,2163639,1.123,117.0,183,481,16.38,225.0,200.0,2016-06-19 08:02:39,324,828.0,5705.0,345,35184.15,4268.383,0.0,4266.951,148.4
94.0,,208,8.223,8.223,16.973,266,2163639,0.835,136.0,,511,16.973,222.0,266.0,2017-04-15 09:45:38,947,2304.0,16480.0,929,91380.06,11465.464,,11112.477,214.9
92.0,142,173,7.959,7.959,15.582,261,2163639,0.939,119.0,166,560,15.582,188.0,200.0,2017-02-26 09:12:08,517,1121.0,9366.0,475,51924.75,6595.39,,6523.832,159.0
86.0,156,207,8.775,8.775,16.19,232,2163639,1.07,112.0,176,631,16.19,221.0,207.0,2016-07-21 18:58:38,219,678.0,4742.0,196,28949.16,3301.364,0.0,3299.123,104.0
61.0,127,143,5.836,5.836,15.38,249,2163639,0.979,119.0,178,729,15.38,203.0,207.0,2016-08-15 16:36:46,1252,1841.0,11969.0,1272,76695.63,15703.243,0.0,13141.842,342.3
79.0,144,,7.142,7.142,15.976,209,2163639,,110.0,170,,15.976,,,2016-03-28 12:17:22,221,621.0,4429.0,225,24168.22,3383.748,0.0,3383.748,
83.0,129,176,0.0,0.0,,232,2163639,0.904,93.0,159,292,,187.0,207.0,2016-07-26 18:53:31,,472.0,3748.0,,0.0,2819.23,0.0,2700.843,60.7
83.0,158,200,8.809,8.809,16.73,249,2163639,1.065,115.0,182,833,16.73,220.0,207.0,2016-08-18 19:32:14,180,655.0,4492.0,190,28894.65,3281.593,0.0,3280.237,102.4
72.0,,,6.223,6.223,12.9,209,2163639,,107.0,,,12.9,,,2016-06-18 11:49:12,81,214.0,1132.0,40,6160.92,990.109,0.0,990.026,
92.0,143,181,0.0,0.0,,249,2163639,0.91,101.0,167,305,,188.0,,2016-09-04 08:12:13,,651.0,5528.0,,0.0,3601.36,0.0,3601.36,82.2
79.0,135,,5.265,5.265,14.504,209,2163639,,107.0,172,,14.504,,,2015-12-13 09:47:33,140,372.0,2275.0,125,13049.07,3701.246,0.0,2478.458,
83.0,155,,8.204,8.204,16.076,209,2163639,,112.0,175,,16.076,,,2015-09-06 09:12:50,535,1661.0,12064.0,529,72699.7,9249.275,0.0,8861.709,
82.0,151,,0.0,0.0,,209,2163639,,109.0,177,,,,,2016-04-26 19:31:57,,779.0,5668.0,,0.0,4141.601,0.0,4141.601,
83.0,161,210,8.136,8.136,16.97,216,2163639,1.157,119.0,182,560,16.97,231.0,200.0,2016-06-26 09:19:51,336,908.0,6050.0,335,35490.6,4362.349,0.0,4362.349,161.2
75.0,125,167,7.303,7.303,15.896,268,2163639,0.73,137.0,161,544,15.896,196.0,269.0,2017-11-05 10:13:57,875,1153.0,,881,71346.89,11427.0,,9769.0,144.1
67.0,126,,6.953,6.953,17.205,209,2163639,,109.0,180,,17.205,,,2015-08-28 14:18:22,789,4379.0,20127.0,709,136313.08,26826.9,0.0,19604.854,
89.0,124,,0.0,0.0,,209,2163639,,95.0,155,,,,,2016-03-21 20:07:06,,370.0,5287.0,,0.0,3600.9,0.0,3600.9,
79.0,129,167,7.879,7.879,17.328,268,2163639,0.742,99.0,169,513,17.328,200.0,269.0,2017-11-26 10:20:19,654,978.0,,664,56394.43,9153.0,,7158.0,109.0
91.0,140,171,0.0,0.0,,249,2163639,0.873,126.0,169,653,,181.0,207.0,2016-09-06 15:08:46,,462.0,4109.0,,0.0,2712.324,0.0,2701.682,56.7
83.0,141,207,7.8,7.8,16.56,251,2163639,1.084,135.0,164,574,16.56,224.0,207.0,2016-11-05 09:46:21,408,1265.0,8389.0,410,47782.53,6131.497,0.0,6126.276,198.9
79.0,147,,7.958,7.958,15.42,209,2163639,,114.0,184,,15.42,,,2015-09-12 11:11:23,499,1040.0,8093.0,499,49796.59,7007.626,0.0,6257.155,
86.0,146,179,9.933,9.933,12.705,209,2163639,0.963,93.0,181,351,12.705,193.0,200.0,2016-03-30 16:26:12,,720.0,5742.0,,40004.94,4148.478,0.0,4027.362,102.8
84.0,160,,7.369,7.369,11.79,186,2163639,,113.0,176,,11.79,,,2015-04-23 06:30:38,111,417.0,2681.0,105,14543.45,1975.06,0.0,1973.513,
80.0,137,192,7.993,7.993,22.847,260,2163639,0.861,141.0,170,646,22.847,220.0,255.0,2018-08-26 09:31:03,1132,2015.0,,1129,90890.02,11847.0,,11371.0,233.1
76.0,150,,7.195,7.195,13.715,209,2163639,,116.0,180,,13.715,,,2015-12-27 11:27:04,685,1498.0,12101.0,686,69170.25,9812.476,0.0,9614.238,
82.0,142,,0.0,0.0,,209,2163639,,102.0,169,,,,,2016-03-02 13:03:12,,992.0,9246.0,,0.0,6785.6,0.0,6785.6,
87.0,149,173,9.767,9.767,11.832,192,2163639,0.906,95.0,172,281,11.832,181.0,200.0,2015-06-09 17:23:48,,359.0,3026.0,,20524.98,2101.374,0.0,2101.374,47.2
72.0,,138,6.908,6.908,11.721,263,2163639,0.665,114.0,,494,11.721,177.0,266.0,2017-07-10 18:37:33,25,,,19,5063.83,989.0,,733.0,8.4
74.0,114,149,8.649,8.649,17.272,278,2163639,0.611,118.0,129,475,17.272,170.0,278.0,2018-05-10 08:18:39,322,252.0,,320,66628.1,8767.0,,7704.0,79.6
88.0,133,170,7.74,7.74,17.249,268,2163639,0.753,131.0,184,753,17.249,203.0,269.0,2017-10-15 09:26:16,916,1483.0,,927,74431.04,12324.0,,9616.0,151.0
99.0,,205,9.576,9.576,18.049,268,2163639,0.78,152.0,,798,18.049,210.0,269.0,2017-08-20 12:02:13,639,,,641,96624.92,17329.0,,10090.0,169.4
88.0,151,154,0.0,0.0,,209,2163639,0.808,108.0,172,308,,162.0,200.0,2016-06-12 19:42:23,,518.0,4912.0,,0.0,3360.979,0.0,3360.979,60.4
81.0,143,,0.0,0.0,,209,2163639,,101.0,171,,,,,2015-10-20 19:23:56,,846.0,6849.0,,0.0,5116.301,0.0,5102.04,
69.0,142,,6.782,6.782,14.186,209,2163639,,118.0,176,,14.186,,,2015-10-31 10:13:57,535,1088.0,8151.0,545,48975.32,7221.372,0.0,7221.372,
,126,,0.0,0.0,,209,2163639,,,150,,,,,2015-09-03 16:17:39,,223.0,,,0.0,1490.383,0.0,1490.383,
88.0,,185,7.971,7.971,12.606,266,2163639,0.783,117.0,,508,12.606,208.0,266.0,2017-04-18 15:49:48,111,342.0,2437.0,123,14731.47,1895.155,,1848.158,31.0
86.0,146,,7.433,7.433,14.309,209,2163639,,219.0,170,,14.309,,,2016-02-21 09:35:49,488,1185.0,10125.0,486,52971.19,7126.223,0.0,7126.223,
31.0,,,0.973,0.973,1.54,266,2163639,,42.0,,,1.54,,,2017-06-10 08:42:37,0,367.0,1042.0,0,1903.83,1955.685,,1955.685,
83.0,143,152,7.842,7.842,19.522,265,2163639,0.623,136.0,170,604,19.522,167.0,269.0,2017-12-30 10:58:45,1094,2354.0,,1126,90376.88,12802.0,,11524.0,123.7
85.0,136,185,0.0,0.0,,232,2163639,0.931,94.0,160,293,,193.0,,2016-08-07 07:36:40,,664.0,5121.0,,0.0,3600.825,0.0,3600.825,86.0
76.0,148,,7.082,7.082,13.768,209,2163639,,110.0,180,,13.768,,,2016-03-25 08:26:25,209,366.0,2745.0,250,15300.71,2160.367,0.0,2160.367,
88.0,151,171,9.822,9.822,12.172,209,2163639,0.858,100.0,165,322,12.172,172.0,200.0,2016-05-04 12:12:09,,611.0,5302.0,,35372.09,3604.857,0.0,3601.353,73.0
77.0,,184,8.584,8.584,15.735,255,2163639,0.823,108.0,,711,15.735,210.0,255.0,2018-07-18 19:59:49,267,,,271,45830.87,5441.0,,5339.0,99.8
90.0,129,167,8.05,8.05,17.498,268,2163639,0.703,126.0,175,710,17.498,189.0,269.0,2017-08-27 10:52:32,885,1661.0,,893,102521.32,16161.0,,12735.0,174.5
82.0,,149,6.375,6.375,11.108,263,2163639,0.673,120.0,,371,11.108,179.0,266.0,2017-07-10 19:24:09,41,,,28,5572.12,900.0,,874.0,10.6
79.0,140,,0.0,0.0,,209,2163639,,113.0,166,,,,,2015-09-16 17:12:06,,745.0,6343.0,,0.0,4805.975,0.0,4805.975,
84.0,153,171,9.778,9.778,12.306,192,2163639,0.887,94.0,172,345,12.306,177.0,200.0,2015-07-09 16:34:40,,864.0,7120.0,,49887.05,5102.085,0.0,5102.085,110.9
82.0,138,150,7.438,7.438,16.85,249,2163639,0.847,133.0,168,504,16.85,175.0,207.0,2016-09-09 12:22:44,221,578.0,5227.0,205,28887.75,4131.848,0.0,3883.822,76.7
88.0,127,158,7.776,7.776,16.537,268,2163639,0.715,138.0,175,817,16.537,192.0,269.0,2017-08-13 12:13:07,1375,2134.0,,1384,131067.2,20629.0,,16855.0,239.0
74.0,147,,7.665,7.665,15.666,192,2163639,,111.0,176,,15.666,,,2015-07-25 10:30:14,560,1843.0,14572.0,567,93845.26,13402.675,0.0,12242.827,
92.0,137,,0.0,0.0,,209,2163639,,98.0,151,,,,,2016-04-30 16:19:55,,421.0,3668.0,,0.0,2536.156,0.0,2400.733,
98.0,153,223,9.347,9.347,16.268,268,2163639,0.843,129.0,164,629,16.268,227.0,269.0,2017-08-10 11:48:16,166,794.0,,168,30759.93,3298.0,,3291.0,64.4
79.0,,,7.861,7.861,16.67,209,2163639,,110.0,,,16.67,,,2016-04-13 19:20:32,220,1018.0,4807.0,211,28785.38,3744.825,0.0,3661.813,
35.0,100,135,7.433,7.433,15.682,278,2163639,0.656,123.0,157,472,15.682,175.0,267.0,2018-04-29 08:33:18,286,350.0,,306,54097.18,8196.0,,7278.0,86.7
83.0,146,162,9.509,9.509,15.229,209,2163639,0.903,104.0,172,556,15.229,181.0,200.0,2015-09-10 15:53:24,,798.0,6780.0,,46888.99,4931.0,0.0,4931.0,111.0
75.0,,138,7.827,7.827,14.686,255,2163639,0.628,129.0,,431,14.686,160.0,255.0,2018-07-09 19:51:46,234,,,236,30414.06,3952.0,,3886.0,42.3
81.0,,,7.482,7.482,13.29,209,2163639,,182.0,,,13.29,,,2016-05-11 12:16:08,236,1191.0,6096.0,236,35371.48,4841.909,0.0,4727.469,
,142,,0.0,0.0,,216,2163639,,,168,,,,,2016-06-29 06:29:49,,475.0,,,0.0,2757.407,0.0,2701.538,
83.0,,179,8.212,8.212,23.569,263,2163639,0.756,140.0,,732,23.569,201.0,266.0,2017-06-25 09:11:09,1208,,,1206,109970.13,13765.0,,13391.0,212.2
88.0,,167,9.732,9.732,10.422,209,2163639,0.838,93.0,,202,10.422,168.0,200.0,2015-09-24 16:22:13,,299.0,2636.0,,17524.07,1800.625,0.0,1800.625,34.5
82.0,147,,0.0,0.0,,209,2163639,,102.0,174,,,,,2015-10-26 20:15:24,,904.0,6914.0,,0.0,5150.775,0.0,5101.631,
29.0,,,0.821,0.821,20.217,249,2163639,,63.0,,,20.217,,,2016-08-28 06:59:08,,224.0,665.0,,1183.83,1442.794,0.0,1442.794,
88.0,147,157,9.509,9.509,11.53,209,2163639,0.819,95.0,172,292,11.53,164.0,200.0,2016-05-31 16:25:05,,372.0,3510.0,,22827.06,2401.069,0.0,2400.628,44.1
32.0,,,0.942,0.942,1.747,255,2163639,,41.0,,,1.747,,,2018-07-08 06:32:03,0,200.0,586.0,0,1032.8,1096.751,,1096.751,
82.0,155,,7.375,7.375,14.419,209,2163639,,161.0,174,,14.419,,,2016-01-31 10:07:06,452,1273.0,9766.0,437,52951.41,7179.864,0.0,7179.864,
83.0,148,,8.2,8.2,16.603,209,2163639,,112.0,176,,16.603,,,2015-08-09 08:02:55,530,1110.0,8869.0,538,53155.27,6482.253,0.0,6482.253,
89.0,148,,0.0,0.0,,209,2163639,,110.0,172,,,,,2015-11-09 20:19:50,,859.0,7155.0,,0.0,4803.535,0.0,4803.535,
26.0,,,0.915,0.915,4.463,192,2163639,,55.0,,,4.463,,,2015-06-14 07:24:04,,369.0,692.0,,1442.32,1575.675,0.0,1575.675,
87.0,146,178,0.0,0.0,,216,2163639,0.948,95.0,172,365,,196.0,207.0,2016-07-06 12:19:39,,584.0,4764.0,,0.0,3301.111,0.0,3301.111,81.7
,126,,0.0,0.0,,209,2163639,,,150,,,,,2015-09-03 16:17:39,,223.0,,,0.0,1490.383,0.0,1490.383,
85.0,,195,8.036,8.036,15.845,263,2163639,0.827,124.0,,866,15.845,220.0,266.0,2017-07-06 10:19:52,214,,,205,28919.92,3681.0,,3599.0,67.7
90.0,138,175,9.9,9.9,10.82,209,2163639,0.886,95.0,153,234,10.82,177.0,200.0,2016-02-24 14:13:35,,578.0,4965.0,,32800.48,3445.45,0.0,3313.104,71.6
90.0,166,201,10.276,10.276,12.115,209,2163639,1.052,102.0,184,324,12.115,210.0,200.0,2015-12-03 16:55:13,,542.0,4011.0,,27757.74,2701.16,0.0,2701.16,82.0
81.0,,,8.131,8.131,13.86,209,2163639,,120.0,,,13.86,,,2016-02-27 08:22:56,81,293.0,1270.0,88,7921.25,997.902,0.0,974.164,
,152,,0.0,0.0,,209,2163639,,,177,,,,,2016-04-06 11:54:12,,403.0,,,0.0,1800.5,0.0,1800.5,
81.0,146,,7.933,7.933,17.067,209,2163639,,116.0,178,,17.067,,,2016-03-11 12:19:44,283,960.0,7836.0,292,48144.48,6069.025,0.0,6069.025,
76.0,142,176,8.208,8.208,20.343,255,2163639,0.714,147.0,183,602,20.343,198.0,278.0,2018-06-09 10:04:01,633,2338.0,,625,93367.03,13345.0,,11375.0,160.5
87.0,105,183,10.005,10.005,12.115,209,2163639,0.972,95.0,165,344,12.115,194.0,200.0,2015-07-31 12:32:31,,381.0,3039.0,,21018.14,2100.684,0.0,2100.684,54.3
90.0,129,163,9.666,9.666,10.576,209,2163639,0.819,96.0,147,235,10.576,164.0,200.0,2016-02-10 16:53:32,,587.0,5407.0,,34802.19,3600.622,0.0,3600.622,66.5
77.0,,185,7.758,7.758,18.664,278,2163639,0.733,199.0,,738,18.664,204.0,278.0,2018-05-20 09:32:07,672,,,675,51887.33,6794.0,,6688.0,99.3
28.0,,,0.943,0.943,5.518,209,2163639,,52.0,,,5.518,,,2016-06-05 05:37:15,,704.0,1867.0,,3791.45,4022.126,0.0,4022.126,
74.0,,,7.359,7.359,14.795,192,2163639,,123.0,,,14.795,,,2015-06-10 16:36:58,148,607.0,2365.0,163,15849.27,2220.645,0.0,2153.749,
69.0,,157,8.361,8.361,17.588,255,2163639,0.759,134.0,,687,17.588,194.0,255.0,2018-07-15 09:07:38,506,,,499,82721.46,13624.0,,9894.0,158.0
78.0,151,,7.107,7.107,14.814,209,2163639,,131.0,178,,14.814,,,2015-11-22 12:02:29,846,1701.0,13975.0,852,77103.76,11033.132,0.0,10849.099,
88.0,,177,7.77,7.77,15.377,260,2163639,0.75,114.0,,521,15.377,199.0,266.0,2018-08-13 16:36:52,166,579.0,4323.0,147,25497.7,3314.397,,3281.399,50.7
79.0,147,,7.466,7.466,17.21,209,2163639,,147.0,177,,17.21,,,2016-03-06 11:35:27,708,2103.0,16894.0,691,98157.7,14943.196,0.0,13146.535,
80.0,148,,7.695,7.695,16.5,192,2163639,,115.0,172,,16.5,,,2015-06-21 08:13:32,615,1332.0,10202.0,615,58919.89,7711.675,0.0,7657.392,
92.0,143,181,0.0,0.0,,249,2163639,0.91,101.0,167,305,,188.0,,2016-09-04 08:12:13,,651.0,5528.0,,0.0,3601.36,0.0,3601.36,82.2
69.0,150,,7.708,7.708,14.932,192,2163639,,107.0,182,,14.932,,,2015-07-14 16:58:42,357,791.0,5219.0,362,35064.9,4549.001,0.0,4549.001,
,,,7.023,7.023,13.587,263,2163639,,,,,13.587,,266.0,2017-06-22 06:08:46,62,,,59,5990.75,878.0,,853.0,
80.0,142,186,7.828,7.828,13.87,252,2163639,0.983,137.0,175,739,13.87,204.0,207.0,2016-12-24 11:14:48,507,2215.0,15678.0,495,93514.58,13408.367,0.0,11946.549,319.9
82.0,,165,9.686,9.686,10.524,209,2163639,0.828,87.0,,205,10.524,166.0,200.0,2015-08-13 15:42:15,,395.0,3288.0,,23254.07,2400.853,0.0,2400.853,45.0
101.0,,271,11.422,11.422,17.336,263,2163639,1.02,126.0,,717,17.336,271.0,266.0,2017-07-10 19:09:04,87,,,111,16081.67,1456.0,,1408.0,39.8
,160,,0.0,0.0,,261,2163639,,,183,,,,,2017-02-18 09:51:26,0,542.0,,0,0.0,2765.76,,2765.76,
82.0,148,169,0.0,0.0,,261,2163639,1.043,122.0,180,451,,209.0,200.0,2017-02-22 07:34:30,0,565.0,4351.0,0,0.0,3366.864,,3366.864,99.8
,,,6.464,6.464,13.694,266,2163639,,,,,13.694,,266.0,2017-06-13 06:20:42,61,,,58,6024.13,1174.0,,932.0,
,,,7.155,7.155,14.56,266,2163639,,,,,14.56,,266.0,2017-06-13 16:20:27,133,,,136,14610.22,2102.0,,2042.0,
78.0,149,,0.0,0.0,,209,2163639,,107.0,165,,,,,2015-12-23 10:02:23,,848.0,6256.0,,0.0,4813.985,0.0,4813.985,
87.0,154,193,10.253,10.253,12.594,192,2163639,1.003,93.0,179,336,12.594,201.0,,2015-07-02 15:16:47,,348.0,2622.0,,18464.0,1800.894,0.0,1800.894,49.4
86.0,,177,7.165,7.165,14.108,266,2163639,0.825,121.0,,442,14.108,219.0,266.0,2017-04-18 05:30:30,52,91.0,622.0,59,3695.12,523.744,,515.744,9.2
92.0,127,180,8.05,8.05,14.736,268,2163639,0.715,127.0,150,673,14.736,192.0,269.0,2017-08-10 10:48:01,166,508.0,,178,30943.28,3872.0,,3844.0,54.2
83.0,154,137,9.002,9.002,11.028,186,2163639,0.697,97.0,167,237,11.028,139.0,200.0,2015-04-28 17:13:26,,492.0,4985.0,,32418.81,3607.186,0.0,3601.297,48.1
29.0,,,1.202,1.202,6.297,192,2163639,,43.0,,,6.297,,,2015-07-05 06:33:10,,210.0,358.0,,945.88,786.99,0.0,786.99,
83.0,145,178,7.749,7.749,19.004,263,2163639,0.83,139.0,214,652,19.004,221.0,266.0,2017-07-23 09:24:18,721,1443.0,,730,57008.82,8643.0,,7357.0,140.1
27.0,,,0.988,0.988,4.52,209,2163639,,52.0,,,4.52,,,2015-09-27 08:20:49,,409.0,900.0,,1935.57,1959.954,0.0,1959.954,
87.0,163,183,9.992,9.992,12.149,209,2163639,0.982,98.0,180,304,12.149,196.0,200.0,2016-01-02 12:44:17,,548.0,4337.0,,30006.23,3002.93,0.0,3002.93,79.7
91.0,,179,7.864,7.864,14.575,260,2163639,0.74,119.0,,497,14.575,197.0,266.0,2018-08-17 15:40:13,168,572.0,4459.0,163,25285.92,3256.59,,3215.596,48.5
74.0,147,,7.89,7.89,16.01,192,2163639,,126.0,180,,16.01,,,2015-05-24 10:59:40,744,1310.0,11779.0,748,77248.06,10404.863,0.0,9790.748,
76.0,147,,7.312,7.312,16.353,209,2163639,,240.0,180,,16.353,,,2016-02-07 11:36:37,850,1913.0,16208.0,841,94777.46,13623.923,0.0,12961.57,
87.0,154,200,0.0,0.0,,232,2163639,1.023,98.0,178,308,,212.0,207.0,2016-07-12 19:18:25,,658.0,4764.0,,0.0,3301.11,0.0,3301.11,95.0
30.0,,,0.943,0.943,8.732,232,2163639,,72.0,,,8.732,,,2016-07-31 09:28:44,,351.0,774.0,,1454.06,1542.624,0.0,1542.624,
,,,4.269,4.269,5.097,261,2163639,,,,,5.097,,,2017-01-22 09:12:26,70,735.0,,77,10109.16,2373.58,0.0,2367.969,
87.0,,175,7.009,7.009,11.467,266,2163639,0.75,111.0,,449,11.467,199.0,266.0,2017-04-18 06:55:11,32,121.0,892.0,24,4843.29,748.965,,690.967,10.3
80.0,144,,0.0,0.0,,209,2163639,,104.0,173,,,,,2015-10-13 19:23:08,,838.0,6738.0,,0.0,5146.7,0.0,5101.021,
39.0,,,4.744,4.744,8.028,209,2163639,,94.0,,,8.028,,,2015-08-30 05:32:00,181,466.0,1352.0,127,11804.25,2488.275,0.0,2488.275,
86.0,155,208,8.676,8.676,16.82,216,2163639,1.056,114.0,175,564,16.82,219.0,,2016-07-07 18:58:13,180,688.0,4752.0,188,28949.99,3339.021,0.0,3336.76,102.3
77.0,141,,7.762,7.762,15.415,209,2163639,,114.0,163,,15.415,,,2016-04-18 16:55:14,215,617.0,4752.0,212,29084.81,3838.346,0.0,3746.951,
,,,0.0,0.0,,209,2163639,,,,,,,,2015-12-05 09:07:55,,0.0,,,0.0,0.674,0.0,0.674,
74.0,,186,8.629,8.629,16.98,255,2163639,0.825,128.0,,609,16.98,210.0,255.0,2018-07-07 08:07:50,237,,,235,42090.32,5140.0,,4878.0,91.7
85.0,136,185,0.0,0.0,,232,2163639,0.931,94.0,160,293,,193.0,,2016-08-07 07:36:40,,664.0,5121.0,,0.0,3600.825,0.0,3600.825,86.0
92.0,,183,7.835,7.835,11.878,260,2163639,0.776,126.0,,535,11.878,207.0,266.0,2018-08-17 07:31:16,113,323.0,2478.0,101,13913.58,1900.638,,1775.926,29.3
31.0,,,1.098,1.098,2.411,278,2163639,,37.0,,,2.411,,,2018-05-12 06:32:13,0,370.0,911.0,0,1902.29,1732.79,,1732.79,
85.0,155,,8.432,8.432,16.896,192,2163639,,113.0,181,,16.896,,,2015-06-28 08:24:24,258,1023.0,7092.0,262,42021.74,4983.726,0.0,4983.726,
88.0,159,182,9.911,9.911,12.064,209,2163639,0.976,97.0,178,292,12.064,195.0,200.0,2015-10-11 11:08:52,,490.0,3960.0,,26769.48,2700.973,0.0,2700.973,70.7
82.0,149,157,9.437,9.437,12.594,209,2163639,0.855,94.0,175,337,12.594,171.0,200.0,2015-08-26 13:14:57,,281.0,2454.0,,16992.6,1800.578,0.0,1800.578,35.9
,,,4.121,4.121,5.959,209,2163639,,,,,5.959,,,2016-04-16 08:43:31,43,801.0,,39,10671.8,2593.723,0.0,2589.424,
82.0,140,,0.0,0.0,,209,2163639,,94.0,158,,,,,2015-09-14 18:29:57,,845.0,7407.0,,0.0,5401.75,0.0,5401.75,
91,172,263,11.353,11.353,16.039,264,6377876,1.323,104,181,556,16.039,265,200,2018-06-05 18:31:08,85,371.0,2170,86,16150.46,1422.585,,1422.585,67.8
,139,,7.58,7.58,17.952,264,6377876,,,169,,17.952,,,2018-07-22 14:42:28,779,1641.0,,761,84585.52,11419.534,,11159.533,
,134,,6.822,6.822,16.487,264,6377876,,,162,,16.487,,,2018-09-07 08:03:14,528,829.0,,510,38803.45,5687.765,,5687.765,
81,133,173,0.0,0.0,,264,6377876,0.937,98,164,322,,187,200,2018-03-30 07:41:52,0,632.0,4942,0,0.0,3665.525,,3665.525,88.6
,151,,0.0,0.0,,251,6377876,,,167,,,,,2018-03-17 07:14:49,0,842.0,,0,0.0,4204.288,,4204.288,
,138,,7.263,7.263,17.29,264,6377876,,,180,,17.29,,,2018-08-09 17:56:26,519,857.0,,508,40865.47,5872.347,,5626.9,
86,147,192,0.0,0.0,,257,6377876,1.057,106,173,808,,211,200,2018-02-22 08:26:51,0,1051.0,7837,0,0.0,5464.302,,5464.302,168.7
,,,7.446,7.446,14.164,264,6377876,,,,,14.164,,,2018-07-27 07:46:50,303,1048.0,,292,30108.6,4043.629,,4043.629,
80,146,200,0.0,0.0,,264,6377876,1.087,113,164,297,,217,200,2018-04-03 18:33:41,0,852.0,5665,0,0.0,5292.741,,4263.104,138.7
,119,,7.049,7.049,13.557,264,6377876,,,151,,13.557,,,2018-09-13 17:22:22,236,415.0,,223,23270.46,3301.316,,3301.316,
,118,,7.003,7.003,13.903,264,6377876,,,152,,13.903,,,2018-08-08 18:05:00,228,403.0,,218,23314.62,3339.616,,3329.196,
,,,7.289,7.289,13.968,264,6377876,,,,,13.968,,,2018-06-26 19:00:29,198,631.0,,189,17659.36,2495.205,,2422.688,
89,152,216,0.0,0.0,,264,6377876,1.162,107,177,346,,232,200,2018-04-07 15:23:21,0,1031.0,7126,0,0.0,4821.053,,4765.926,177.8
,132,,7.165,7.165,16.179,264,6377876,,,177,,16.179,,,2018-08-21 16:59:33,517,750.0,,497,38773.85,5431.006,,5411.793,
86,154,206,0.0,0.0,,264,6377876,1.081,99,171,275,,216,200,2018-04-18 19:37:44,0,1234.0,8521,0,0.0,6092.441,,5990.259,193.6
72,134,112,6.159,6.159,11.747,264,6377876,0.722,95,160,312,11.747,144,200,2018-05-17 18:54:57,78,114.0,1035,64,6388.0,1037.154,,1037.154,14.4
91,178,250,11.404,11.404,16.105,264,6377876,1.26,108,189,486,16.105,252,200,2018-04-21 15:21:05,185,881.0,5401,178,40287.93,3532.757,,3532.757,154.4
,146,,8.11,8.11,18.372,264,6377876,,,180,,18.372,,,2018-09-16 11:07:27,873,2017.0,,760,99397.64,13408.995,,12255.854,
70,128,70,5.612,5.612,8.024,264,6377876,0.485,87,152,236,8.024,97,200,2018-05-03 19:01:03,14,26.0,419,16,2117.96,377.389,,377.389,2.3
83,129,167,5.93,5.93,14.631,264,6377876,1.035,166,153,877,14.631,207,200,2018-04-05 17:52:44,121,212.0,1575,105,7537.75,1271.082,,1271.082,37.0
,139,,7.814,7.814,16.777,264,6377876,,,161,,16.777,,,2018-07-08 09:12:19,788,1568.0,,765,82228.59,10522.792,,10522.792,
86,144,189,0.0,0.0,,251,6377876,1.004,99,166,295,,201,200,2018-03-25 07:42:01,0,1134.0,8682,0,0.0,6002.349,,6002.349,167.4
82,134,159,6.351,6.351,17.411,264,6377876,0.899,155,157,355,17.411,180,200,2018-04-09 09:19:06,1090,1808.0,14655,1073,72268.38,11820.312,,11378.255,255.0
,137,,7.266,7.266,19.753,264,6377876,,,167,,19.753,,,2018-09-09 10:28:08,920,1767.0,,909,92738.96,12890.21,,12763.217,
83,133,162,6.871,6.871,16.935,264,6377876,0.878,127,153,314,16.935,176,200,2018-06-03 15:57:43,884,1890.0,15757,852,80525.4,11789.285,,11719.993,250.5
89,126,173,0.0,0.0,,257,6377876,0.879,99,135,219,,176,200,2018-02-14 19:28:23,0,785.0,6777,0,0.0,4531.644,,4531.644,96.6
,138,,7.038,7.038,17.262,264,6377876,,,167,,17.262,,,2018-08-19 14:27:22,1192,2416.0,,1165,129080.0,18607.56,,18340.57,
,132,,6.89,6.89,14.696,255,6377876,,,152,,14.696,,,2018-10-28 13:20:18,800,1435.0,,770,77405.09,11391.975,,11234.71,
92,141,181,7.386,7.386,11.29,241,6377876,0.999,121,155,374,11.29,200,200,2017-12-02 10:20:16,73,316.0,2694,74,13017.34,1762.532,,1762.532,48.1
93,178,254,10.314,10.314,15.881,264,6377876,1.313,108,187,448,15.881,263,200,2018-05-03 18:53:11,104,400.0,2369,107,16287.74,1579.221,,1579.221,74.3
88,159,214,0.0,0.0,,264,6377876,1.161,101,184,313,,232,200,2018-05-22 07:04:05,0,913.0,6301,0,0.0,4332.368,,4272.031,159.0
83,166,253,9.718,9.718,15.228,264,6377876,1.343,107,177,681,15.228,269,200,2018-03-31 14:26:49,71,330.0,1801,75,12712.72,1308.154,,1308.154,64.1
,132,,0.0,0.0,,264,6377876,,,163,,,,,2018-08-03 13:03:38,0,406.0,,0,0.0,2414.326,,2375.633,
89,142,178,0.0,0.0,,264,6377876,0.944,164,162,681,,189,200,2018-04-21 13:57:19,0,380.0,3165,0,0.0,2173.967,,2138.369,52.2
,124,,6.851,6.851,15.041,264,6377876,,,142,,15.041,,,2018-07-02 06:27:16,245,418.0,,248,20490.6,3076.473,,2990.762,
,126,,7.253,7.253,15.955,264,6377876,,,148,,15.955,,,2018-06-29 17:29:06,263,488.0,,266,26011.22,3586.3,,3586.3,
88,131,165,7.216,7.216,16.833,264,6377876,0.882,118,146,319,16.833,176,200,2018-04-14 16:29:40,373,795.0,6973,349,34794.33,4822.08,,4822.08,103.6
54,124,39,3.886,3.886,9.209,264,6377876,0.322,74,166,167,9.209,64,200,2018-06-10 08:05:30,9,20.0,373,18,2092.88,538.624,,538.624,1.5
83,136,168,6.462,6.462,12.718,251,6377876,0.89,114,152,316,12.718,178,200,2018-03-25 09:22:48,266,733.0,5957,262,28318.64,4382.62,,4382.62,95.7
,135,,7.113,7.113,16.795,264,6377876,,,168,,16.795,,,2018-07-16 07:17:14,523,815.0,,504,38821.49,5458.073,,5458.073,
,124,,7.299,7.299,16.655,264,6377876,,,176,,16.655,,,2018-08-14 17:44:22,301,555.0,,285,30095.29,4123.069,,4123.069,
83,133,159,0.0,0.0,,241,6377876,0.834,118,152,289,,167,200,2017-12-16 11:24:02,0,652.0,5694,0,0.0,4093.187,,4093.187,78.6
86,123,164,6.748,6.748,13.884,264,6377876,0.866,128,134,289,13.884,173,200,2018-04-25 11:20:12,273,631.0,5427,261,26054.73,3861.242,,3861.242,79.9
80,125,117,6.272,6.272,15.806,257,6377876,0.639,114,148,1546,15.806,128,200,2018-02-17 17:15:21,619,1193.0,13514,599,64324.51,10345.9,,10255.987,116.1
83,147,202,0.0,0.0,,251,6377876,1.058,157,164,666,,212,200,2018-03-21 09:57:29,0,848.0,5854,0,0.0,4206.908,,4206.908,130.1
86,142,170,0.028,0.028,0.0,241,6377876,0.9,98,156,239,0.0,180,200,2017-12-02 09:29:52,0,319.0,2705,0,52.63,1877.367,,1877.367,41.6
,118,,6.929,6.929,15.47,264,6377876,,,134,,15.47,,,2018-06-18 17:40:44,197,343.0,,199,17664.61,2549.274,,2549.274,
87,159,214,0.0,0.0,,264,6377876,1.15,108,183,310,,230,200,2018-05-05 09:20:55,0,977.0,6670,0,0.0,4563.855,,4563.855,166.6
82,131,142,6.541,6.541,16.413,241,6377876,0.783,104,147,289,16.413,157,200,2017-12-31 11:59:05,702,1528.0,14199,691,70693.95,10852.101,,10807.291,183.4
73,120,81,4.788,4.788,7.157,264,6377876,0.494,90,126,192,7.157,99,200,2018-04-29 10:08:37,23,38.0,520,3,2279.84,476.167,,476.167,3.0
69,132,80,5.676,5.676,9.013,264,6377876,0.522,177,160,352,9.013,104,200,2018-05-31 18:55:48,26,45.0,611,37,3214.21,566.328,,566.328,4.0
,137,,0.0,0.0,,251,6377876,,,150,,,,,2018-03-19 23:11:47,0,617.0,,0,0.0,3605.19,,3605.19,
,,,7.198,7.198,15.508,264,6377876,,,,,15.508,,,2018-08-29 17:47:27,310,1066.0,,314,30934.44,4680.999,,4297.741,
,131,,6.56,6.56,14.407,230,6377876,,,150,,14.407,,,2017-11-19 11:56:06,642,1329.0,,626,66600.93,10256.071,,10152.993,
83,125,152,7.312,7.312,14.472,264,6377876,2.363,166,150,7727,14.472,473,200,2018-05-06 10:16:20,784,2480.0,18418,784,121761.5,17379.643,,16651.264,2388.7
,137,,0.0,0.0,,241,6377876,,,156,,,,,2018-01-09 19:25:09,0,788.0,,0,0.0,5356.185,,5356.185,
80,152,196,0.0,0.0,,264,6377876,1.077,153,177,580,,215,200,2018-04-13 07:20:14,0,1158.0,7857,0,0.0,5950.248,,5903.203,189.3
85,133,174,0.0,0.0,,257,6377876,0.887,95,144,243,,177,200,2018-02-21 19:24:14,0,991.0,8150,0,0.0,5702.631,,5702.631,123.9
89,138,182,0.514,0.514,8.957,264,6377876,0.989,164,160,767,8.957,198,200,2018-06-05 17:57:45,4,218.0,1712,0,620.98,1609.378,,1208.769,31.8
94,147,154,0.0,0.0,,241,6377876,0.794,135,165,258,,159,200,2018-01-05 08:09:14,0,732.0,7459,0,0.0,4803.224,,4741.661,82.6
85,149,193,0.0,0.0,,257,6377876,1.021,156,166,724,,204,200,2018-02-27 08:12:37,0,1045.0,7667,0,0.0,5405.933,,5405.933,155.8
93,169,255,11.248,11.248,14.425,264,6377876,1.298,103,178,471,14.425,260,200,2018-05-12 14:35:41,40,340.0,2075,44,15157.74,1347.576,,1347.576,61.7
93,171,256,11.242,11.242,16.226,264,6377876,1.287,109,186,440,16.226,257,200,2018-06-10 07:56:02,198,913.0,5582,214,40344.3,3588.696,,3588.696,163.9
,138,,7.876,7.876,17.103,264,6377876,,,176,,17.103,,,2018-08-26 09:24:48,953,1706.0,,899,91607.08,11868.551,,11631.591,
58,120,48,4.544,4.544,9.004,264,6377876,0.437,103,135,271,9.004,87,200,2018-05-12 15:12:13,9,38.0,426,15,3279.6,721.788,,721.788,3.5
,151,,0.0,0.0,,251,6377876,,,185,,,,,2018-03-18 23:56:00,0,861.0,,0,0.0,4502.891,,4502.891,
87,138,183,0.0,0.0,,264,6377876,0.989,106,165,412,,198,200,2018-06-09 09:39:36,0,417.0,3241,0,0.0,3075.129,,2276.217,60.9
,123,,6.087,6.087,13.511,230,6377876,,,156,,13.511,,,2017-11-18 10:16:29,282,545.0,,257,26057.0,4280.863,,4280.863,
86,141,191,0.0,0.0,,257,6377876,1.014,111,160,402,,203,200,2018-02-16 08:24:11,0,978.0,7363,0,0.0,5113.022,,5113.022,145.3
91,153,210,0.0,0.0,,264,6377876,1.143,106,181,306,,229,200,2018-05-29 06:53:44,0,1005.0,7312,0,0.0,4863.502,,4788.283,172.8
75,135,112,7.247,7.247,13.306,264,6377876,0.664,97,153,269,13.306,133,200,2018-06-05 18:43:00,24,74.0,781,28,4793.16,661.414,,661.414,7.7
91,137,183,0.0,0.0,,264,6377876,0.965,162,157,658,,193,200,2018-03-27 17:15:25,0,353.0,2960,0,0.0,1931.05,,1931.05,49.3
85,131,152,0.009,0.009,0.0,264,6377876,0.869,100,159,283,0.0,174,200,2018-06-17 06:50:48,0,203.0,1699,0,11.45,1336.888,,1336.888,27.4
83,135,133,6.592,6.592,17.057,241,6377876,0.774,126,157,408,17.057,155,200,2017-12-23 11:41:47,800,1654.0,16136,788,82285.01,12482.222,,12482.222,207.4
82,131,146,6.497,6.497,14.994,241,6377876,0.819,135,154,309,14.994,164,200,2017-12-15 13:28:09,366,780.0,7217,364,34899.9,5371.717,,5371.717,99.7
84,132,174,6.575,6.575,15.013,264,6377876,0.904,115,145,312,15.013,181,200,2018-04-01 11:43:19,810,2249.0,17895,806,85135.26,13175.12,,12947.84,293.5
86,144,193,0.0,0.0,,257,6377876,1.057,105,164,315,,211,200,2018-02-03 08:17:49,0,763.0,5687,0,0.0,3945.01,,3945.01,121.5
,137,,0.0,0.0,,264,6377876,,,168,,,,,2018-08-02 11:32:09,0,450.0,,0,0.0,2483.268,,2483.268,
78,135,144,6.302,6.302,13.679,241,6377876,0.992,109,184,558,13.679,198,200,2017-12-30 11:04:14,535,1014.0,8588,555,44798.51,7264.501,,7109.143,193.7
87,151,191,7.483,7.483,13.576,251,6377876,1.123,162,186,897,13.576,225,200,2018-03-14 10:24:13,213,557.0,4127,199,21994.46,2939.181,,2939.181,102.0
83,132,160,0.0,0.0,,264,6377876,0.831,100,144,224,,166,200,2018-03-28 06:26:53,0,634.0,5547,0,0.0,3964.07,,3964.07,75.5
,,,6.057,6.057,13.054,264,6377876,,,,,13.054,,,2018-08-24 09:42:17,71,305.0,,62,9414.72,1652.551,,1554.453,
87,135,160,7.225,7.225,18.232,264,6377876,0.866,121,151,372,18.232,173,200,2018-05-27 09:40:58,783,1763.0,15710,749,80234.02,12720.679,,11104.323,230.6
85,129,159,6.336,6.336,15.396,230,6377876,0.848,111,148,361,15.396,170,200,2017-11-26 12:59:17,797,1934.0,17090,786,77481.05,13784.862,,12228.056,243.7
,134,,6.295,6.295,16.87,257,6377876,,,151,,16.87,,,2018-03-10 15:38:40,488,1079.0,,469,49476.64,7860.135,,7860.135,
76,135,192,0.0,0.0,,257,6377876,1.069,98,160,376,,214,200,2018-02-17 14:09:15,0,670.0,4429,0,0.0,3603.14,,3488.594,109.9
85,135,181,0.087,0.087,0.616,264,6377876,0.985,102,166,292,0.616,197,200,2018-05-02 18:51:21,0,398.0,3160,0,191.39,2712.694,,2199.654,58.7
86,132,173,6.659,6.659,20.005,264,6377876,1.004,169,172,416,20.005,201,200,2018-05-19 10:00:49,671,1869.0,14241,686,72489.09,11709.895,,10886.096,303.4
,138,,6.868,6.868,16.842,264,6377876,,,180,,16.842,,,2018-09-22 09:32:30,709,1166.0,,717,55203.3,8110.028,,8037.436,
90,143,181,0.0,0.0,,264,6377876,0.95,105,163,261,,190,200,2018-04-28 08:25:56,0,618.0,5151,0,0.0,3438.264,,3417.693,85.0
84,134,161,6.664,6.664,15.312,257,6377876,0.843,118,147,830,15.312,169,200,2018-02-25 14:30:46,972,2255.0,19460,911,93398.2,14259.214,,14015.561,276.3
84,132,125,6.449,6.449,15.312,241,6377876,0.704,154,154,351,15.312,141,200,2017-12-03 12:41:32,798,1579.0,17324,775,82193.14,12880.445,,12745.478,175.0
,136,,7.198,7.198,17.42,264,6377876,,,157,,17.42,,,2018-08-11 12:23:06,992,2002.0,,1016,110502.06,15450.52,,15350.967,
87,143,196,0.0,0.0,,257,6377876,1.033,102,164,319,,207,200,2018-02-20 19:14:35,0,1023.0,7608,0,0.0,5232.255,,5232.255,154.4
86,137,151,6.92,6.92,13.903,241,6377876,0.805,172,168,318,13.903,161,200,2018-01-20 15:29:36,563,1296.0,12196,552,59642.28,8618.914,,8618.914,154.7
,133,,6.772,6.772,19.417,255,6377876,,,152,,19.417,,,2018-10-23 12:34:56,1010,1804.0,,958,97653.16,14580.659,,14420.703,
86,124,166,0.0,0.0,,251,6377876,0.86,115,141,272,,172,200,2018-03-24 16:51:49,0,614.0,5326,0,0.0,3692.082,,3692.082,75.2
91,178,258,9.995,9.995,18.092,264,6377876,1.323,121,188,537,18.092,265,200,2018-05-31 18:45:09,214,599.0,3484,200,23365.07,2337.641,,2337.641,111.7
81,120,158,6.601,6.601,16.926,264,6377876,0.851,112,140,306,16.926,170,200,2018-04-23 18:52:00,529,1135.0,9466,513,47726.24,7374.533,,7229.95,144.8
88,164,226,8.535,8.535,14.78,264,6377876,1.296,115,186,483,14.78,259,200,2018-03-27 17:49:38,104,384.0,2384,105,14584.97,1708.842,,1708.842,78.5
82,134,146,6.766,6.766,15.638,241,6377876,0.802,143,163,819,15.638,160,200,2018-01-13 16:50:30,656,1533.0,14059,637,71171.56,10639.052,,10519.504,187.6
94,171,297,9.653,9.653,13.035,264,6377876,1.5,124,185,587,13.035,300,200,2018-04-05 18:11:19,53,305.0,1613,52,9937.47,1029.453,,1029.453,62.6
69,131,50,5.032,5.032,7.549,264,6377876,0.377,93,159,227,7.549,75,200,2018-06-24 09:12:37,24,37.0,783,5,3778.15,750.762,,750.762,2.8
86,130,154,0.0,0.0,,257,6377876,0.8,115,145,206,,160,200,2018-02-02 07:55:09,0,555.0,5167,0,0.0,3611.29,,3611.29,63.7
87,143,191,0.0,0.0,,264,6377876,1.007,160,163,667,,201,200,2018-03-31 13:44:14,0,292.0,2239,0,0.0,1533.756,,1533.756,42.4
87,150,186,0.0,0.0,,257,6377876,0.979,99,170,262,,196,200,2018-02-08 08:18:39,0,994.0,7796,0,0.0,5464.317,,5337.915,141.5
5,119,1,6.91,6.91,13.595,264,6377876,0.03,9,136,64,13.595,6,200,2018-06-13 18:00:31,207,324.0,1,194,17671.66,2557.263,,2557.263,0.0
90,140,173,8.531,8.531,13.408,264,6377876,0.894,116,149,298,13.408,179,200,2018-05-26 08:52:47,122,647.0,5617,125,32067.24,3825.009,,3758.803,82.8
82,111,111,6.081,6.081,13.38,264,6377876,0.631,99,126,257,13.38,126,200,2018-05-28 15:22:15,199,320.0,3851,202,17562.71,2888.102,,2888.102,31.6
91,161,234,10.16,10.16,15.405,264,6377876,1.181,109,171,432,15.405,236,200,2018-04-29 09:18:13,411,1848.0,12060,405,80495.5,7922.4,,7922.4,305.4
87,145,195,0.0,0.0,,257,6377876,1.086,152,185,633,,217,200,2018-02-01 19:11:01,0,850.0,6367,0,0.0,4352.563,,4352.563,141.6
84,122,156,7.123,7.123,14.015,264,6377876,0.88,132,147,386,14.015,176,200,2018-05-10 17:19:44,197,384.0,3322,196,17574.27,2467.141,,2467.141,52.4
89,140,172,0.0,0.0,,264,6377876,0.913,164,160,592,,183,200,2018-04-29 06:45:17,0,364.0,3093,0,0.0,2110.239,,2110.239,48.2
91,146,183,0.0,0.0,,264,6377876,0.961,162,165,735,,192,200,2018-05-03 18:05:33,0,289.0,2381,0,0.0,1580.76,,1579.025,39.8
81,125,157,6.246,6.246,15.769,264,6377876,0.892,110,149,334,15.769,178,200,2018-04-10 08:15:54,666,1161.0,9347,654,46322.25,7733.915,,7416.324,162.9
87,139,164,2.417,2.417,12.317,264,6377876,0.966,152,162,904,12.317,193,200,2018-05-17 18:07:45,67,385.0,3090,50,5684.24,2731.381,,2351.601,60.2
,136,,7.329,7.329,17.159,264,6377876,,,163,,17.159,,,2018-09-02 11:24:25,991,1993.0,,986,108721.36,15239.097,,14834.975,
83,126,134,6.723,6.723,14.929,241,6377876,0.757,108,145,304,14.929,151,200,2017-12-20 14:10:39,310,597.0,5998,296,30146.67,4484.16,,4484.16,70.9
,,,4.202,4.202,6.326,264,6377876,,,,,6.326,,,2018-08-22 13:10:06,47,275.0,,43,15746.95,4400.24,,3747.101,
89,155,196,7.872,7.872,13.576,241,6377876,1.123,119,187,473,13.576,225,200,2017-12-08 12:16:49,128,496.0,3706,139,19957.7,2540.076,,2535.285,87.8
73,109,126,0.0,0.0,,241,6377876,0.631,79,123,159,,126,200,2017-12-06 07:48:40,0,244.0,2404,0,0.0,1950.107,,1950.107,21.2
89,147,195,0.0,0.0,,264,6377876,1.053,98,170,271,,211,200,2018-05-13 10:31:05,0,1222.0,9274,0,0.0,6308.146,,6255.747,191.8
81,137,151,1.411,1.411,12.774,264,6377876,0.867,160,163,675,12.774,173,200,2018-06-24 07:50:43,14,358.0,3051,23,3349.06,3040.935,,2373.338,49.1
78,117,147,0.0,0.0,,264,6377876,0.772,83,129,175,,154,200,2018-05-11 06:06:04,0,59.0,524,0,0.0,406.664,,406.664,6.2
82,139,167,0.0,0.0,,241,6377876,0.894,107,163,758,,179,200,2017-12-29 12:14:35,0,993.0,8175,0,0.0,6006.815,,5945.048,131.3
85,146,195,0.0,0.0,,264,6377876,1.122,136,181,577,,224,200,2018-05-07 10:05:37,0,1114.0,8131,0,0.0,5710.958,,5710.958,198.9
88,155,212,0.0,0.0,,264,6377876,1.142,104,180,336,,228,200,2018-06-01 06:24:50,0,946.0,6577,0,0.0,4516.79,,4469.655,160.8
,130,,6.646,6.646,14.565,255,6377876,,,153,,14.565,,,2018-10-06 09:28:51,306,584.0,,313,28025.62,4244.101,,4216.852,
,128,,6.943,6.943,15.965,264,6377876,,,153,,15.965,,,2018-07-09 06:58:29,518,757.0,,508,38808.17,5661.326,,5589.212,
,142,,7.448,7.448,16.786,264,6377876,,,177,,16.786,,,2018-07-06 06:50:37,590,995.0,,569,45587.79,6314.217,,6120.748,
86,151,183,0.0,0.0,,257,6377876,0.985,115,165,674,,197,200,2018-02-24 09:25:10,0,770.0,5993,0,0.0,4211.724,,4211.724,112.8
,135,,0.0,0.0,,251,6377876,,,151,,,,,2018-03-18 09:12:06,0,874.0,,0,0.0,5405.118,,5405.118,
,136,,7.381,7.381,17.168,264,6377876,,,180,,17.168,,,2018-07-01 10:14:38,585,905.0,,568,47657.02,6456.279,,6456.279,
88,138,162,1.201,1.201,12.578,264,6377876,0.924,132,161,806,12.578,185,200,2018-05-12 14:05:34,8,420.0,3457,10,3117.43,3149.342,,2596.16,60.7
85,133,122,6.837,6.837,14.817,257,6377876,0.798,218,149,1744,14.817,160,200,2018-03-04 11:47:38,585,1103.0,12287,550,62265.01,9193.965,,9107.256,160.1
91,174,260,10.414,10.414,17.243,264,6377876,1.335,114,184,511,17.243,267,200,2018-05-17 18:37:05,117,399.0,2318,144,16084.8,1544.57,,1544.57,74.7
83,123,171,0.0,0.0,,257,6377876,0.876,115,136,235,,175,200,2018-02-18 15:03:12,0,913.0,7367,0,0.0,5409.0,,5334.986,113.0
87,142,196,0.0,0.0,,257,6377876,1.021,113,161,259,,204,200,2018-02-13 19:43:28,0,1027.0,7609,0,0.0,5232.264,,5232.264,150.8
83,137,142,6.535,6.535,15.396,241,6377876,0.795,119,156,368,15.396,159,200,2017-12-17 12:58:13,711,1626.0,15215,675,74989.02,11475.01,,11475.01,200.7
,140,,7.29,7.29,16.758,264,6377876,,,177,,16.758,,,2018-07-19 07:05:58,521,891.0,,487,38834.31,5373.019,,5326.851,
87,143,174,7.666,7.666,16.189,264,6377876,1.024,116,181,386,16.189,205,200,2018-06-17 13:49:34,614,1076.0,8460,576,47644.46,6214.821,,6214.821,180.3
91,178,224,11.298,11.298,15.34,264,6377876,1.142,109,186,466,15.34,228,200,2018-06-24 08:53:42,191,798.0,5408,191,40328.71,3569.473,,3569.473,128.2
86,129,133,6.361,6.361,14.005,241,6377876,0.773,120,152,327,14.005,155,200,2017-12-09 13:59:04,302,542.0,5809,272,26083.22,4100.456,,4100.456,67.6
,129,,6.781,6.781,16.403,255,6377876,,,160,,16.403,,,2018-10-09 10:31:33,506,848.0,,478,44155.28,6624.809,,6511.777,
87,152,201,0.0,0.0,,264,6377876,1.069,136,171,604,,214,200,2018-04-24 19:04:47,0,852.0,6210,0,0.0,4276.726,,4236.408,133.7
84,133,165,1.567,1.567,10.964,264,6377876,0.926,160,160,775,10.964,185,200,2018-06-10 06:50:33,28,428.0,3556,13,4079.78,3058.935,,2604.223,61.1
,135,,7.327,7.327,16.366,255,6377876,,,158,,16.366,,,2018-09-30 11:06:10,699,1285.0,,668,66166.28,9091.419,,9029.949,
86,155,190,0.0,0.0,,264,6377876,1.017,103,171,579,,203,200,2018-04-15 10:30:43,0,1396.0,10461,0,0.0,7665.453,,7338.801,209.8
76,142,89,6.018,6.018,9.032,264,6377876,0.542,96,150,208,9.032,108,200,2018-04-21 15:32:53,25,54.0,742,3,3706.37,615.849,,615.849,4.8
85,137,146,6.665,6.665,18.549,241,6377876,0.794,126,158,382,18.549,159,200,2018-01-28 12:31:17,869,1927.0,18261,849,88573.68,13549.244,,13288.49,232.2
86,131,165,7.199,7.199,17.551,264,6377876,0.873,123,143,312,17.551,175,200,2018-05-01 11:46:18,374,745.0,6433,358,32781.89,4553.861,,4553.861,95.8
,129,,6.944,6.944,14.575,264,6377876,,,156,,14.575,,,2018-08-17 08:05:57,306,577.0,,301,28395.88,4101.587,,4089.165,
81,140,161,7.263,7.263,13.567,264,6377876,1.07,165,177,876,13.567,214,200,2018-05-25 12:01:25,351,707.0,5666,346,31993.65,4404.97,,4404.97,139.3
87,136,166,6.863,6.863,14.416,264,6377876,0.879,110,149,286,14.416,176,200,2018-04-15 08:14:39,237,503.0,4365,237,20818.78,3092.323,,3033.657,64.6
86,131,163,6.61,6.61,14.742,241,6377876,0.867,125,147,386,14.742,173,200,2018-01-07 11:59:20,585,1487.0,12811,577,60359.99,9209.385,,9132.252,190.0
80,130,164,0.0,0.0,,241,6377876,0.835,93,141,210,,167,200,2017-12-10 11:24:47,0,885.0,7250,0,0.0,5575.383,,5410.878,104.3
83,129,171,0.0,0.0,,257,6377876,0.88,110,144,263,,176,200,2018-03-03 10:02:54,0,813.0,6643,0,0.0,4759.94,,4759.94,101.9
78,117,147,0.0,0.0,,264,6377876,0.772,83,129,175,,154,200,2018-05-11 06:06:04,0,59.0,524,0,0.0,406.664,,406.664,6.2
87,139,160,1.923,1.923,9.975,264,6377876,0.95,146,162,858,9.975,190,200,2018-05-31 17:59:42,29,306.0,2592,40,3667.98,2315.119,,1907.868,47.1
85,144,174,0.0,0.0,,264,6377876,0.943,99,171,316,,189,200,2018-04-20 06:41:26,0,485.0,3945,0,0.0,2796.454,,2795.648,68.3
86,138,158,6.724,6.724,15.89,257,6377876,0.835,125,151,424,15.89,167,200,2018-02-11 11:40:46,770,1810.0,16136,749,77299.14,12170.51,,11496.43,222.3
88,125,165,7.257,7.257,14.565,264,6377876,0.898,115,142,301,14.565,180,200,2018-05-20 17:19:09,204,401.0,3507,184,17645.31,2431.555,,2431.555,53.9
85,134,187,0.0,0.0,,264,6377876,1.025,99,159,315,,205,200,2018-04-04 19:14:57,0,436.0,3322,0,0.0,2402.473,,2331.356,67.3
86,146,194,0.0,0.0,,257,6377876,1.033,105,163,304,,207,200,2018-03-02 08:43:18,0,873.0,6493,0,0.0,4509.681,,4509.681,132.9
74,,,7.159,7.159,15.616,189,4917647,,108,,,15.616,,,2014-12-23 17:07:57,632,1890.0,7628,653.0,48966.44,6876.378,0.0,6839.873,
64,,,5.857,5.857,12.927,189,4917647,,99,,,12.927,,,2014-06-18 14:47:22,171,317.0,951,171.0,7362.32,1257.924,0.0,1256.923,
80,,,8.388,8.388,15.934,324,4917647,,108,,,15.934,,,2017-06-03 09:49:50,630,3330.0,13903,614.0,92795.74,11710.7,0.0,11063.378,
92,,,9.314,9.314,11.77,189,4917647,,107,,,11.77,,,2014-10-12 21:21:41,7,1324.0,5277,0.0,32186.33,3455.575,0.0,3455.575,
86,,,7.701,7.701,10.058,189,4917647,,100,,,10.058,,,2014-12-27 15:08:39,7,775.0,4846,0.0,26427.01,3773.094,0.0,3431.82,
,,,7.644,7.644,14.631,202,4917647,,,,,14.631,,,2016-08-17 17:52:31,129,650.0,,128.0,19378.08,2565.107,,2535.111,
,,,8.381,8.381,14.724,202,4917647,,,,,14.724,,,2016-09-02 12:05:03,263,1288.0,,204.0,32409.15,3924.14,,3867.143,
81,,187,10.106,10.106,11.057,193,4917647,0.944,87,,243,11.057,189,200,2015-09-15 06:34:06,0,493.0,3601,0.0,26771.0,2649.005,,2649.005,64.9
80,,,6.685,6.685,9.146,189,4917647,,96,,,9.146,,,2014-07-18 09:31:20,6,499.0,3550,0.0,17872.99,2711.87,0.0,2673.687,
,,,8.192,8.192,16.357,324,4917647,,,,,16.357,,,2017-05-06 15:20:21,830,3301.0,,831.0,87263.12,10984.268,,10652.406,
80,,,7.65,7.65,15.508,324,4917647,,155,,,15.508,,,2017-05-28 10:45:23,1076,5173.0,22322,1084.0,137441.42,21378.909,,17966.652,
80,,,7.929,7.929,15.584,189,4917647,,105,,,15.584,,,2015-05-02 05:26:11,491,1637.0,7383,405.0,44803.25,1721086.115,0.0,5650.817,
83,,,8.006,8.006,13.062,189,4917647,,108,,,13.062,,,2014-11-28 16:29:49,0,730.0,3717,0.0,21655.54,2704.825,0.0,2704.825,
86,,,8.255,8.255,10.05,189,4917647,,106,,,10.05,,,2015-05-14 19:40:36,0,1116.0,5152,6.0,29746.75,3603.662,0.0,3603.662,
70,,,7.288,7.288,16.88,202,4917647,,228,,,16.88,,,2016-05-01 09:11:35,1224,3536.0,14536,1242.0,96992.3,13987.175,0.0,13307.945,
84,,,8.755,8.755,15.502,202,4917647,,111,,,15.502,,,2016-07-08 10:51:36,267,1263.0,4891,279.0,32100.83,3677.529,0.0,3666.54,
72,,,10.55,10.55,14.055,189,4917647,,95,,,14.055,,,2014-02-09 08:14:33,7,930.0,3264,11.0,28705.32,2720.975,0.0,2720.975,
82,,167,9.321,9.321,12.121,242,4917647,0.469,91,,270,12.121,188,400,2016-10-27 19:18:37,1,610.0,4928,2.0,33916.92,3638.752,,3638.752,21.8
80,,,7.364,7.364,14.985,324,4917647,,111,,,14.985,,,2017-11-05 10:30:25,771,2390.0,10849,789.0,66283.4,10733.822,0.0,9000.941,
71,,,9.541,9.541,13.673,189,4917647,,96,,,13.673,,,2014-05-04 06:37:31,0,1101.0,3954,6.0,32170.21,3455.129,0.0,3371.88,
81,,164,9.407,9.407,11.411,194,4917647,0.916,107,,255,11.411,183,200,2015-12-11 07:53:02,0,636.0,5310,2.0,36639.97,3894.977,,3894.977,90.2
92,0,189,10.997,10.997,15.687,284,4917647,,107,0,354,15.687,205,,2017-02-01 15:44:00,0,708.0,,,39586.22,3600.018,,3600.018,
80,,,6.94,6.94,16.116,300,4917647,,110,,,16.116,,,2017-12-23 12:48:30,1074,3587.0,18028,1067.0,103889.52,15608.382,0.0,14968.825,
77,,,6.646,6.646,14.145,189,4917647,,123,,,14.145,,,2014-04-13 19:10:33,195,596.0,2779,132.0,15934.0,3044.304,0.0,2397.703,
81,,,8.449,8.449,14.474,284,4917647,,104,,,14.474,,,2017-03-25 08:40:41,269,1188.0,4714,284.0,31640.5,3788.424,0.0,3745.002,
75,,,7.733,7.733,15.404,189,4917647,,104,,,15.404,,,2015-05-02 08:25:38,616,1905.0,7297,586.0,48837.09,8328.888,0.0,6315.409,
85,,,11.045,11.045,14.336,189,4917647,,96,,,14.336,,,2014-01-17 13:49:29,175,1045.0,3931,0.0,30967.02,259787.077,0.0,2803.732,
75,,,7.459,7.459,15.331,242,4917647,,102,,,15.331,,,2018-04-29 08:51:27,319,1759.0,8139,342.0,54590.33,7906.574,0.0,7318.831,
89,,165,9.551,9.551,12.186,202,4917647,0.844,103,,308,12.186,169,200,2016-04-16 09:27:00,0,197.0,1784,0.0,11439.18,1197.755,,1197.755,23.1
,,,8.105,8.105,16.982,324,4917647,,,,,16.982,,,2017-05-14 09:36:38,779,3361.0,,796.0,91316.12,12133.673,,11266.441,
83,,158,9.383,9.383,11.701,194,4917647,0.862,107,,269,11.701,172,200,2015-12-19 08:56:38,4,609.0,5421,1.0,36413.22,3880.936,,3880.936,79.6
83,,,10.097,10.097,14.055,189,4917647,,96,,,14.055,,,2014-01-18 17:05:48,6,1400.0,5118,6.0,37650.94,3745.803,0.0,3728.81,
77,,,11.092,11.092,16.415,189,4917647,,112,,,16.415,,,2014-02-14 08:20:05,29,1344.0,4697,36.0,41013.74,3697.624,0.0,3697.624,
89,,189,9.939,9.939,11.953,324,4917647,0.897,97,,289,11.953,217,242,2017-06-13 16:53:19,0,678.0,5324,0.0,35834.74,3605.393,,3605.393,79.9
74,,,9.094,9.094,11.561,202,4917647,,86,,,11.561,,,2016-05-07 07:07:17,3,128.0,428,57.0,3386.65,372.398,,372.398,
83,146,170,9.649,9.649,12.456,202,4917647,0.949,109,166,331,12.456,190,200,2016-05-24 17:42:10,0,713.0,5832,2.0,40452.17,4199.243,,4192.251,104.2
80,146,,7.712,7.712,14.024,189,4917647,,119,174,,14.024,,,2015-06-21 11:50:27,172,524.0,3588,185.0,22954.61,2976.477,,2976.477,
82,147,175,9.768,9.768,15.517,242,4917647,0.519,111,173,582,15.517,207,400,2016-10-25 18:54:52,0,621.0,4950,0.0,35236.61,3608.197,,3607.198,26.7
82,,179,0.0,0.0,,193,4917647,0.902,94,,282,,180,200,2015-08-12 06:41:00,0,479.0,3651,0.0,0.0,2670.568,,2670.568,59.7
91,,,7.875,7.875,10.793,189,4917647,,100,,,10.793,,,2015-03-17 18:13:50,1,466.0,2726,2.0,14258.49,1810.653,0.0,1810.653,
87,,202,10.176,10.176,12.242,324,4917647,0.896,108,,329,12.242,217,242,2017-06-01 17:55:38,0,723.0,5260,0.0,36634.55,3600.041,,3600.041,79.7
77,,,7.238,7.238,14.608,194,4917647,,127,,,14.608,,,2015-12-20 10:32:53,734,2966.0,12783,744.0,83183.67,12394.7,0.0,11492.345,
30,,,0.0,0.0,,189,4917647,,34,,,,,,2015-06-28 06:40:18,0,0.0,1229,0.0,0.0,2416.929,,2416.929,
89,,,8.873,8.873,10.476,189,4917647,,98,,,10.476,,,2015-03-06 14:10:51,4,998.0,4077,2.0,24412.36,2751.327,0.0,2751.327,
77,,,8.191,8.191,11.332,189,4917647,,104,,,11.332,,,2014-07-10 18:39:56,0,669.0,3106,1.0,19709.86,2406.355,0.0,2406.355,
79,,,7.94,7.94,14.055,324,4917647,,113,,,14.055,,,2017-06-18 12:15:42,635,3663.0,14953,617.0,103257.56,14080.809,0.0,13005.351,
,,,8.114,8.114,16.81,242,4917647,,,,,16.81,,,2016-12-26 10:39:41,472,1623.0,,494.0,44304.62,5644.534,0.0,5459.961,
71,,,6.604,6.604,16.124,193,4917647,,115,,,16.124,,,2015-08-08 15:37:35,1579,3693.0,14441,1560.0,90162.14,13660.602,0.0,13653.558,
80,,,8.542,8.542,11.807,189,4917647,,99,,,11.807,,,2015-01-22 22:03:01,0,1141.0,4792,2.0,30777.26,3603.176,0.0,3603.176,
88,,184,9.986,9.986,12.475,201,4917647,0.987,118,,346,12.475,197,200,2016-01-10 12:47:08,1,662.0,5316,0.0,36062.4,3611.13,,3611.13,96.9
71,,,6.335,6.335,15.88,189,4917647,,135,,,15.88,,,2015-02-15 13:49:48,750,2207.0,9707,784.0,61878.25,11305.473,0.0,9767.74,
85,147,170,9.622,9.622,11.766,202,4917647,0.962,115,169,278,11.766,192,200,2016-05-13 12:34:24,1,706.0,5943,0.0,40155.13,4173.087,,4173.087,106.5
,,,6.668,6.668,17.392,202,4917647,,,,,17.392,,,2016-02-21 18:35:13,756,1655.0,,741.0,42565.89,9407.753,,6383.21,
72,,,6.86,6.86,14.576,194,4917647,,101,,,14.576,,,2015-12-30 11:05:24,967,2519.0,9977,980.0,64653.21,11283.93,0.0,9424.126,
89,,194,10.24,10.24,11.393,202,4917647,0.507,109,,257,11.393,203,400,2016-06-17 12:34:33,0,349.0,2695,0.0,18435.41,1800.317,,1800.317,12.7
70,,,7.361,7.361,16.407,202,4917647,,101,,,16.407,,,2016-08-21 09:37:51,1067,3142.0,11858,1084.0,83217.05,11653.122,0.0,11305.251,
78,,,9.339,9.339,14.368,189,4917647,,118,,,14.368,,,2014-04-13 18:19:14,93,1531.0,6097,164.0,45796.37,605334.82,0.0,4903.523,
85,,,8.229,8.229,9.9,193,4917647,,96,,,9.9,,,2015-09-10 12:59:13,6,693.0,3385,1.0,19777.52,2403.334,0.0,2403.334,
78,,,7.823,7.823,14.173,242,4917647,,110,,,14.173,,,2018-03-26 12:18:24,260,1127.0,4419,264.0,30049.26,4269.34,,3841.141,
78,,,10.047,10.047,13.5,189,4917647,,92,,,13.5,,,2014-04-20 18:36:16,0,1169.0,4138,2.0,32505.32,3372.824,0.0,3235.313,
69,,,7.28,7.28,15.592,189,4917647,,106,,,15.592,,,2014-06-22 19:13:37,573,1836.0,7262,583.0,48272.09,6640.335,0.0,6630.336,
84,,174,9.748,9.748,11.701,202,4917647,0.969,105,,276,11.701,194,200,2016-03-10 07:55:28,0,683.0,5553,1.0,38276.5,3934.448,,3926.451,101.6
77,,,7.416,7.416,14.35,242,4917647,,217,,,14.35,,,2016-12-18 13:43:38,905,2757.0,11345,937.0,74745.78,11214.059,0.0,10078.909,
90,,,8.276,8.276,9.598,202,4917647,,104,,,9.598,,,2016-03-23 15:42:10,0,675.0,4034,2.0,22383.62,2704.552,0.0,2704.552,
74,,,8.442,8.442,14.813,207,4917647,,101,,,14.813,,,2016-09-25 15:38:26,511,1839.0,6650,543.0,48286.77,5733.578,0.0,5719.583,
84,,182,10.022,10.022,14.575,202,4917647,0.922,113,,452,14.575,184,200,2016-02-13 16:28:40,0,1087.0,8411,0.0,60101.42,5999.859,,5996.862,140.8
81,,187,10.111,10.111,12.82,194,4917647,0.95,111,,345,12.82,190,200,2016-01-07 07:59:09,1,737.0,5390,1.0,40056.46,3961.585,,3961.585,98.6
92,,,8.301,8.301,11.189,189,4917647,,102,,,11.189,,,2015-02-09 19:32:10,8,999.0,5503,2.0,29955.75,3609.9,0.0,3608.901,
78,,,7.062,7.062,16.26,189,4917647,,171,,,16.26,,,2015-01-11 12:38:51,520,2328.0,10744,504.0,65607.81,10958.175,0.0,9290.241,
82,,,7.588,7.588,10.215,193,4917647,,105,,,10.215,,,2015-12-06 17:42:08,0,899.0,4901,8.0,27362.58,3605.999,0.0,3605.999,
,,,6.041,6.041,15.144,202,4917647,,,,,15.144,,,2016-08-10 11:01:45,637,1850.0,,606.0,51692.52,9902.881,,8556.941,
75,,,7.627,7.627,16.844,242,4917647,,103,,,16.844,,,2016-12-29 12:57:37,541,1869.0,7742,548.0,51353.64,9194.471,0.0,6732.986,
83,138,159,9.388,9.388,13.044,202,4917647,0.448,105,167,356,13.044,179,400,2016-07-26 11:36:50,0,617.0,5421,0.0,36538.71,3894.187,,3892.189,21.6
32,,,0.759,0.759,1.928,324,4917647,,38,,,1.928,,,2017-09-17 06:56:52,0,404.0,1543,0.0,2135.72,2812.583,,2812.583,
,,,8.113,8.113,15.517,324,4917647,,,,,15.517,,,2017-07-02 09:53:24,1011,3618.0,,1021.0,97125.52,12572.699,,11972.021,
,,,8.544,8.544,15.975,324,4917647,,,,,15.975,,,2017-04-08 15:24:10,788,4788.0,,800.0,132887.92,17160.122,0.0,15554.14,
72,,,7.738,7.738,16.178,202,4917647,,183,,,16.178,,,2016-05-08 08:32:16,571,2364.0,9859,572.0,67613.77,9452.003,0.0,8737.924,
77,,,11.192,11.192,16.291,189,4917647,,110,,,16.291,,,2014-02-03 08:19:34,20,1043.0,3681,5.0,32179.1,3124.275,0.0,2875.1,
69,,,6.133,6.133,14.18,189,4917647,,228,,,14.18,,,2014-10-06 09:26:32,446,1224.0,5169,412.0,33900.29,7164.523,0.0,5527.543,
76,,,18.059,18.059,38.146,202,4917647,,98,,,38.146,,,2016-02-03 12:38:44,666,3279.0,5144,669.0,158230.56,11560.672,0.0,8761.907,
70,,,6.94,6.94,14.413,189,4917647,,173,,,14.413,,,2014-08-25 06:45:43,588,1848.0,7441,600.0,49736.04,7193.32,0.0,7166.323,
74,,,7.398,7.398,16.487,189,4917647,,114,,,16.487,,,2014-07-13 17:55:19,570,1842.0,7566,560.0,48325.54,6548.302,0.0,6532.304,
83,,,8.257,8.257,14.779,324,4917647,,108,,,14.779,,,2017-04-22 10:55:05,422,1908.0,8322,440.0,52682.28,6480.423,0.0,6380.403,
69,,,7.229,7.229,16.266,189,4917647,,114,,,16.266,,,2014-06-28 11:17:39,568,1819.0,7075,572.0,48159.87,6683.699,0.0,6662.239,
87,,,8.952,8.952,14.538,189,4917647,,108,,,14.538,,,2015-02-05 17:20:29,0,1206.0,5229,21.0,32250.33,3602.558,0.0,3602.558,
80,,,7.702,7.702,15.134,202,4917647,,185,,,15.134,,,2016-03-06 12:12:04,726,3370.0,14548,740.0,91902.9,14629.454,0.0,11932.115,
82,,,8.224,8.224,16.423,324,4917647,,107,,,16.423,,,2017-06-03 05:09:32,834,3263.0,13516,832.0,87471.32,10899.445,0.0,10635.5,
80,,,7.773,7.773,16.628,324,4917647,,108,,,16.628,,,2017-05-01 11:19:10,816,3143.0,13855,826.0,87056.86,11712.972,0.0,11199.995,
82,,,8.638,8.638,16.611,202,4917647,,109,,,16.611,,,2016-07-16 17:05:56,209,906.0,3463,213.0,23625.3,2778.059,0.0,2735.136,
74,,,7.621,7.621,15.948,242,4917647,,108,,,15.948,,,2018-07-06 07:35:41,769,2445.0,9754,774.0,67604.52,9114.395,0.0,8871.392,
79,,,8.5,8.5,15.444,242,4917647,,107,,,15.444,,,2018-07-15 09:24:31,515,2682.0,10577,517.0,76097.2,13308.177,0.0,8952.678,
85,,169,9.613,9.613,12.755,194,4917647,0.926,109,,361,12.755,185,200,2015-12-28 09:41:36,0,642.0,5458,1.0,36727.69,3820.804,,3820.804,90.4
83,155,201,10.342,10.342,12.568,193,4917647,1.015,98,172,351,12.568,203,200,2015-07-24 06:37:22,0,503.0,3488,0.0,26064.4,2520.128,,2520.128,71.3
83,,,8.083,8.083,15.038,324,4917647,,114,,,15.038,,,2017-09-15 15:51:03,243,1172.0,4815,253.0,32100.06,5007.184,0.0,3971.425,
83,,166,9.533,9.533,12.055,202,4917647,0.935,107,,294,12.055,187,200,2016-04-07 06:55:11,0,693.0,5860,0.0,40029.17,4201.124,,4199.124,101.3
77,,,9.011,9.011,14.288,189,4917647,,99,,,14.288,,,2014-05-18 18:25:40,10,755.0,3566,98.0,24918.85,699974.655,0.0,2765.286,
74,,,7.137,7.137,16.588,189,4917647,,110,,,16.588,,,2015-05-25 17:28:32,815,2381.0,9880,834.0,61625.43,8885.761,0.0,8634.768,
78,,,8.328,8.328,14.329,207,4917647,,98,,,14.329,,,2016-10-09 16:18:44,250,1184.0,4601,252.0,31506.87,3807.076,0.0,3783.041,
76,,,9.261,9.261,14.901,202,4917647,,111,,,14.901,,,2016-09-04 09:41:08,360,1752.0,6312,319.0,49717.7,771755.397,0.0,5368.279,
80,,,7.738,7.738,14.151,189,4917647,,112,,,14.151,,,2015-05-30 22:38:00,473,2435.0,11079,481.0,68341.13,9253.943,0.0,8831.951,
82,,,9.362,9.362,11.456,189,4917647,,95,,,11.456,,,2014-11-15 16:31:16,0,1282.0,4720,0.0,32175.69,3436.898,0.0,3436.898,
82,,178,9.803,9.803,12.55,207,4917647,0.499,104,,344,12.55,200,400,2016-09-21 18:13:28,0,692.0,5366,0.0,38175.45,3895.411,,3894.412,26.8
78,,,8.134,8.134,13.628,189,4917647,,103,,,13.628,,,2015-05-10 14:33:50,486,2837.0,12361,493.0,79329.96,9760.897,0.0,9752.602,
89,150,166,9.586,9.586,12.326,207,4917647,0.468,107,172,313,12.326,187,400,2016-10-06 07:00:39,1,598.0,5349,0.0,34483.88,3603.291,,3597.297,21.7
88,,190,10.067,10.067,11.579,324,4917647,0.861,103,,260,11.579,208,242,2017-08-31 07:24:58,2,688.0,5324,1.0,36573.45,3632.998,,3632.998,74.2
85,,174,9.739,9.739,11.738,202,4917647,0.964,107,,289,11.738,193,200,2016-02-18 07:49:23,0,672.0,5503,0.0,37809.47,3884.389,,3882.095,99.4
71,,,7.526,7.526,16.844,189,4917647,,114,,,16.844,,,2014-06-08 09:29:24,510,1726.0,6796,545.0,45932.44,6108.546,0.0,6103.544,
85,,203,10.447,10.447,11.318,189,4917647,1.024,92,,266,11.318,205,200,2015-07-17 06:20:09,0,364.0,2565,0.0,18832.11,1802.614,,1802.614,51.6
81,,,7.994,7.994,17.761,242,4917647,,122,,,17.761,,,2016-10-30 11:46:32,1016,3287.0,12880,1074.0,85405.1,587702.393,0.0,10684.303,
78,,,10.236,10.236,13.44,189,4917647,,99,,,13.44,,,2014-01-29 13:37:32,0,1091.0,3871,2.0,30792.17,3032.198,0.0,3008.199,
77,,,7.492,7.492,17.459,189,4917647,,123,,,17.459,,,2014-09-08 06:15:50,552,1823.0,7985,563.0,48212.1,6451.172,0.0,6435.203,
77,,,8.119,8.119,10.961,193,4917647,,96,,,10.961,,,2015-09-02 19:39:07,1,993.0,4617,2.0,29419.42,3623.548,0.0,3623.548,
78,,,7.471,7.471,15.207,284,4917647,,107,,,15.207,,,2017-02-24 10:25:28,850,2780.0,11801,875.0,74568.8,10474.08,0.0,9981.156,
81,,,8.528,8.528,14.768,202,4917647,,119,,,14.768,,,2016-09-11 15:23:47,261,1210.0,4614,265.0,31614.33,3761.93,0.0,3706.949,
82,,,9.34,9.34,11.517,189,4917647,,99,,,11.517,,,2014-12-07 16:53:06,4,1256.0,4925,10.0,33738.1,3612.309,0.0,3612.309,
83,,183,9.998,9.998,11.355,202,4917647,0.488,103,,248,11.355,195,400,2016-06-21 16:47:34,0,321.0,2448,0.0,17551.41,1755.475,,1755.475,11.4
83,,168,9.73,9.73,11.822,202,4917647,0.859,107,,280,11.822,172,200,2016-03-27 09:11:03,12,700.0,5834,10.0,40580.2,4195.717,,4170.6,85.0
93,,,8.091,8.091,11.807,189,4917647,,109,,,11.807,,,2015-02-20 17:19:45,7,960.0,5528,0.0,28951.6,3603.753,0.0,3578.463,
83,,,7.742,7.742,12.676,189,4917647,,106,,,12.676,,,2014-10-14 12:30:12,2,615.0,3295,0.0,18672.44,2411.805,0.0,2411.805,
83,,,7.898,7.898,15.331,324,4917647,,113,,,15.331,,,2017-10-15 09:27:47,794,2481.0,10775,767.0,66801.79,10394.802,0.0,8457.906,
75,,,8.234,8.234,15.389,202,4917647,,97,,,15.389,,,2016-06-10 06:23:27,243,1073.0,4303,251.0,29777.2,3839.422,0.0,3616.26,
83,,,7.368,7.368,10.182,202,4917647,,114,,,10.182,,,2016-02-03 13:45:17,2,738.0,4133,8.0,22141.9,3010.176,0.0,3005.173,
78,,,8.361,8.361,17.14,324,4917647,,107,,,17.14,,,2017-06-25 09:11:54,1024,3909.0,15174,1035.0,105515.08,13383.954,0.0,12619.949,
79,,,7.691,7.691,15.306,242,4917647,,108,,,15.306,,,2016-11-05 16:31:54,567,1964.0,8548,596.0,53623.36,7282.395,0.0,6972.408,
32,,,0.907,0.907,1.623,324,4917647,,36,,,1.623,,,2017-07-30 06:06:47,,777.0,2439,,4048.59,4468.788,,4462.134,
28,,,0.001,0.001,0.193,202,4917647,,35,,,0.193,,,2016-04-17 07:19:29,0,0.0,322,0.0,0.73,678.811,,678.811,
79,,,8.019,8.019,11.264,189,4917647,,98,,,11.264,,,2014-08-24 05:44:22,5,979.0,4757,2.0,29066.63,3624.676,0.0,3624.676,
83,,155,9.393,9.393,11.113,202,4917647,0.407,103,,222,11.113,163,400,2016-06-30 12:09:51,0,462.0,4168,0.0,28081.3,2991.704,,2989.744,13.7
78,,,7.855,7.855,14.528,242,4917647,,107,,,14.528,,,2016-11-13 12:03:27,730,2622.0,10857,733.0,70396.09,9761.428,0.0,8961.682,
74,,,7.245,7.245,15.268,189,4917647,,106,,,15.268,,,2015-03-22 17:41:15,607,1876.0,7770,599.0,49117.51,7030.272,0.0,6779.587,
86,,152,8.557,8.557,12.848,242,4917647,0.499,100,,353,12.848,199,400,2016-11-15 20:11:17,2,553.0,5100,0.0,30861.32,3606.515,,3606.515,24.2
77,,,7.351,7.351,15.592,189,4917647,,117,,,15.592,,,2014-07-24 08:24:09,703,2413.0,10549,668.0,64806.12,8856.471,0.0,8815.51,
80,,,7.493,7.493,12.306,189,4917647,,99,,,12.306,,,2014-08-21 16:56:29,2,578.0,3238,15.0,18120.49,603976.486,0.0,2418.344,
79,,,8.603,8.603,15.009,324,4917647,,113,,,15.009,,,2017-06-22 18:34:30,309,1607.0,6061,313.0,43479.64,5143.526,0.0,5054.211,
69,,,7.132,7.132,13.415,193,4917647,,113,,,13.415,,,2015-11-01 11:12:43,577,2515.0,10370,584.0,72583.8,12144.218,0.0,10177.547,
87,,,8.094,8.094,10.425,189,4917647,,99,,,10.425,,,2015-03-20 07:37:58,2,958.0,5198,0.0,29164.35,3603.178,0.0,3603.178,
,,,5.897,5.897,14.873,242,4917647,,,,,14.873,,,2018-02-23 19:01:59,939,2879.0,,938.0,79700.69,13515.247,,13515.247,
84,,,7.859,7.859,14.813,324,4917647,,116,,,14.813,,,2017-11-26 10:24:42,650,1975.0,8715,659.0,52213.31,8261.173,0.0,6643.998,
77,,,8.171,8.171,14.322,207,4917647,,112,,,14.322,,,2016-10-14 12:31:50,270,1174.0,4514,278.0,31667.81,3889.64,0.0,3875.645,
72,,,8.21,8.21,12.389,189,4917647,,89,,,12.389,,,2014-05-18 20:50:12,4,712.0,3267,0.0,22266.49,2711.972,0.0,2711.972,
86,,194,10.197,10.197,12.774,202,4917647,1.031,102,,373,12.774,206,200,2016-05-18 12:21:45,0,625.0,4632,0.0,32888.34,3225.242,,3225.242,94.3
77,,,7.905,7.905,15.711,324,4917647,,107,,,15.711,,,2017-07-09 09:59:15,942,4444.0,19033,937.0,126159.46,17153.097,0.0,15958.777,
,,,8.513,8.513,15.013,202,4917647,,,,,15.013,,,2016-09-06 18:36:09,434,2158.0,,420.0,57236.21,6751.686,,6723.686,
92,,,9.249,9.249,14.841,189,4917647,,107,,,14.841,,,2015-01-30 16:29:35,2,943.0,5058,0.0,30544.9,3302.661,0.0,3302.661,
,,,8.249,8.249,14.615,242,4917647,,,,,14.615,,,2017-01-21 13:52:21,202,720.0,,190.0,18982.3,2367.557,0.0,2301.031,
76,,,7.642,7.642,15.147,189,4917647,,112,,,15.147,,,2015-04-06 08:56:21,336,1744.0,7479,334.0,48409.6,6930.423,0.0,6334.308,
86,,174,9.744,9.744,12.494,202,4917647,0.967,111,,336,12.494,193,200,2016-02-28 17:30:00,0,719.0,5979,0.0,40444.42,4153.609,,4150.611,107.0
73,,,7.182,7.182,16.439,193,4917647,,234,,,16.439,,,2015-08-09 12:06:00,1000,3373.0,13802,1011.0,91638.96,14130.813,0.0,12759.972,
84,,,8.61,8.61,14.943,324,4917647,,109,,,14.943,,,2017-09-02 16:44:36,239,1157.0,4634,240.0,30714.36,5343.597,0.0,3567.301,
73,,,7.81,7.81,15.142,193,4917647,,108,,,15.142,,,2015-09-13 08:47:25,655,2422.0,9510,654.0,64367.67,8335.277,0.0,8241.278,
85,,171,9.589,9.589,12.326,324,4917647,0.528,94,,318,12.326,211,400,2017-04-04 16:01:12,1,773.0,6425,0.0,43260.21,4511.531,,4511.531,34.7
30,,,0.857,0.857,1.905,202,4917647,,35,,,1.905,,,2016-06-26 06:44:05,0,391.0,1197,183.0,1993.14,2324.482,,2324.482,
75,,,7.376,7.376,17.313,242,4917647,,111,,,17.313,,,2018-05-27 10:09:11,903,3395.0,15522,933.0,97419.48,14926.118,0.0,13206.924,
84,,,8.409,8.409,12.359,202,4917647,,116,,,12.359,,,2016-03-02 17:35:38,9,951.0,5034,13.0,30322.18,3606.128,0.0,3606.128,
75,,,7.597,7.597,17.305,189,4917647,,120,,,17.305,,,2014-09-21 09:27:11,571,1865.0,7435,585.0,48228.01,6353.625,0.0,6348.623,
79,,,8.247,8.247,14.896,284,4917647,,112,,,14.896,,,2017-03-19 10:19:31,726,3190.0,13300,730.0,87958.36,10771.024,0.0,10665.019,
74,,,8.069,8.069,15.566,202,4917647,,98,,,15.566,,,2016-07-24 09:22:15,470,2524.0,10114,486.0,71150.39,9191.069,0.0,8817.23,
88,,,9.21,9.21,10.902,189,4917647,,95,,,10.902,,,2014-11-03 08:22:02,0,1317.0,5134,0.0,32164.95,3492.253,0.0,3492.253,
80,,,10.563,10.563,11.807,189,4917647,,92,,,11.807,,,2015-01-24 17:52:47,0,1059.0,3601,4.0,28606.56,2708.174,0.0,2708.174,
91,,,9.588,9.588,12.721,189,4917647,,101,,,12.721,,,2015-02-21 20:13:56,0,1246.0,5441,4.0,34581.76,3606.753,0.0,3606.753,
84,147,170,9.596,9.596,12.382,202,4917647,0.479,114,172,292,12.382,191,400,2016-07-18 19:44:46,0,646.0,5311,0.0,36518.19,3809.593,,3805.596,23.9
83,,187,10.026,10.026,12.121,284,4917647,0.504,105,,298,12.121,202,400,2017-02-14 19:25:57,1,777.0,5754,1.0,41736.39,4347.818,,4162.847,29.1
90,,174,9.676,9.676,12.261,324,4917647,0.848,102,,313,12.261,205,242,2017-06-27 18:35:42,1,626.0,5426,1.0,34844.92,3601.011,,3601.011,71.4
73,,,7.367,7.367,16.933,189,4917647,,117,,,16.933,,,2014-07-26 07:31:20,529,1809.0,7470,526.0,48461.42,6583.329,0.0,6578.337,
,,,5.918,5.918,13.539,242,4917647,,,,,13.539,,,2018-02-25 21:52:26,1305,3996.0,,1283.0,111537.52,19811.876,,18846.92,
82,,,8.323,8.323,12.035,189,4917647,,101,,,12.035,,,2014-11-06 10:46:38,3,683.0,3292,0.0,19995.16,2402.378,0.0,2402.378,
76,,,7.441,7.441,16.486,202,4917647,,119,,,16.486,,,2016-02-07 12:25:28,1029,3602.0,14773,1034.0,96161.68,15267.572,0.0,12922.727,
87,141,,7.596,7.596,11.355,201,4917647,,106,166,,11.355,,,2016-01-21 13:09:24,2,447.0,3662,3.0,19062.58,2509.436,,2509.436,
79,,180,9.96,9.96,11.626,193,4917647,0.908,90,,276,11.626,182,200,2015-10-09 07:27:41,1,644.0,4792,0.0,36053.38,3619.872,,3619.872,82.2
74,,,7.071,7.071,15.915,189,4917647,,229,,,15.915,,,2015-06-07 11:20:31,1543,4521.0,18141,1531.0,117307.18,18061.503,0.0,16590.294,
77,,,8.298,8.298,18.608,242,4917647,,108,,,18.608,,,2018-05-07 10:30:49,785,3936.0,15821,742.0,109470.42,15684.428,0.0,13192.78,
80,,,7.69,7.69,15.935,189,4917647,,114,,,15.935,,,2014-12-14 15:46:02,416,1812.0,2732,393.0,49258.72,9743.881,0.0,6405.587,
74,,,7.526,7.526,15.215,194,4917647,,105,,,15.215,,,2015-12-17 17:35:40,493,1719.0,6895,493.0,45142.77,6059.124,0.0,5998.127,
83,,168,9.523,9.523,11.178,202,4917647,0.428,88,,239,11.178,171,400,2016-07-22 19:43:09,0,355.0,2871,0.0,20027.29,2105.069,,2103.07,10.5
80,,,7.42,7.42,14.718,242,4917647,,115,,,14.718,,,2018-02-18 12:09:32,1001,2891.0,12491,1018.0,79140.14,12654.529,0.0,10665.774,
79,,,8.129,8.129,16.182,324,4917647,,125,,,16.182,,,2017-04-17 10:34:34,1018,3862.0,15654,1049.0,104733.2,14006.697,0.0,12884.552,
79,,,8.149,8.149,14.638,324,4917647,,103,,,14.638,,,2017-08-25 17:27:32,424,1661.0,6804,425.0,45735.76,5804.197,0.0,5612.457,
70,,,7.018,7.018,22.067,202,4917647,,207,,,22.067,,,2016-04-10 09:51:25,759,2304.0,8667,745.0,56835.86,10258.994,,8098.551,
79,,,8.489,8.489,15.716,324,4917647,,105,,,15.716,,,2017-07-16 09:00:12,702,3110.0,12462,699.0,84333.7,9982.576,0.0,9934.576,
90,,,9.507,9.507,14.06,189,4917647,,102,,,14.06,,,2015-03-02 20:22:24,4,1173.0,5069,13.0,32160.92,3382.967,0.0,3382.967,
67,,,9.683,9.683,13.274,189,4917647,,91,,,13.274,,,2014-02-07 19:50:38,9,994.0,3441,0.0,30121.65,3111.681,0.0,3110.681,
74,,,7.762,7.762,13.853,202,4917647,,117,,,13.853,,,2016-06-24 14:51:22,277,1201.0,4551,276.0,32542.19,6314.148,0.0,4192.344,
86,156,194,10.186,10.186,13.343,202,4917647,0.998,119,168,373,13.343,200,200,2016-03-12 08:52:47,0,709.0,5263,0.0,37358.32,3671.78,,3667.781,100.8
74,,,7.664,7.664,17.474,202,4917647,,107,,,17.474,,,2016-07-03 08:34:38,2013,5713.0,22497,2174.0,148489.62,609083.387,0.0,19375.549,
81,,,8.7,8.7,19.816,324,4917647,,114,,,19.816,,,2017-10-14 19:26:12,928,3371.0,13554,930.0,90601.28,10421.051,0.0,10414.389,
74,,,7.358,7.358,16.963,202,4917647,,124,,,16.963,,,2016-04-02 11:15:32,1037,4698.0,21761,1032.0,141016.82,758193.41,0.0,19165.343,
74,,,8.321,8.321,15.349,207,4917647,,100,,,15.349,,,2016-09-28 12:34:21,266,1196.0,4335,277.0,31734.89,3826.722,0.0,3813.727,
85,,186,10.039,10.039,13.222,324,4917647,0.842,102,,384,13.222,204,242,2017-08-29 17:51:34,0,448.0,3435,0.0,24121.1,2402.738,,2402.738,46.7
85,,181,9.95,9.95,14.351,194,4917647,0.936,111,,409,14.351,187,200,2015-12-24 08:02:32,12,613.0,4838,11.0,33956.67,3552.67,,3412.787,82.4
72,,,9.342,9.342,12.149,189,4917647,,94,,,12.149,,,2014-02-22 12:06:28,0,695.0,2277,0.0,17755.25,1900.505,0.0,1900.505,
83,,,11.554,11.554,14.53,189,4917647,,99,,,14.53,,,2014-01-27 16:03:02,8,1123.0,4013,0.0,34144.22,2970.174,0.0,2955.182,
70,,,6.185,6.185,9.884,189,4917647,,89,,,9.884,,,2014-12-14 07:49:37,5,37.0,178,42.0,1508.8,306.416,0.0,243.938,
83,,,7.775,7.775,17.644,324,4917647,,117,,,17.644,,,2017-05-25 07:10:15,668,2268.0,10065,691.0,60976.3,8134.726,,7842.478,
75,,,8.117,8.117,14.363,242,4917647,,100,,,14.363,,,2018-07-11 07:05:44,253,1234.0,4979,271.0,35143.32,4773.426,0.0,4329.557,
70,,,7.41,7.41,14.261,189,4917647,,100,,,14.261,,,2014-06-01 10:14:12,509,1733.0,6867,506.0,45639.61,6169.496,0.0,6159.499,
85,,169,9.618,9.618,11.215,194,4917647,0.929,105,,246,11.215,186,200,2016-01-02 09:01:41,3,610.0,5153,2.0,34964.03,3635.416,,3635.416,86.6
64,,,5.748,5.748,14.67,202,4917647,,113,,,14.67,,,2016-06-19 15:23:21,344,1453.0,7391,373.0,47996.3,11092.107,0.0,8350.171,
80,,,7.02,7.02,16.228,189,4917647,,117,,,16.228,,,2014-03-09 20:51:46,297,1268.0,5811,295.0,35682.95,6265.573,0.0,5082.977,
87,,184,9.952,9.952,11.271,242,4917647,0.497,92,,251,11.271,199,400,2016-11-12 15:09:03,1,714.0,5647,0.0,38658.41,3900.358,,3884.429,26.4
86,,,6.092,6.092,7.651,242,4917647,,111,,,7.651,,,2016-10-19 11:43:56,2,298.0,2755,41.0,11707.58,1947.654,0.0,1921.907,
76,,,8.739,8.739,10.31,201,4917647,,99,,,10.31,,,2016-01-24 11:01:09,59,1452.0,5240,63.0,36303.02,4155.063,,4154.064,
86,,,7.672,7.672,10.36,189,4917647,,113,,,10.36,,,2014-09-07 14:57:04,0,358.0,2223,33.0,12058.49,1895.522,0.0,1571.746,
93,,,7.378,7.378,11.947,194,4917647,,102,,,11.947,,,2015-12-29 19:04:14,0,234.0,1651,0.0,7867.39,2095.373,0.0,1066.283,
81,,,7.655,7.655,17.336,324,4917647,,112,,,17.336,,,2017-05-26 07:23:16,663,2057.0,8855,669.0,54448.64,7375.447,,7112.388,
82,,,8.676,8.676,15.356,202,4917647,,106,,,15.356,,,2016-07-15 12:44:16,281,1246.0,4587,289.0,31599.55,3719.275,0.0,3642.295,
83,,169,9.593,9.593,11.775,202,4917647,0.954,109,,293,11.775,191,200,2016-03-24 07:59:18,0,697.0,5772,0.0,39758.5,4198.141,,4144.364,104.1
88,,,9.018,9.018,12.241,189,4917647,,105,,,12.241,,,2014-10-26 07:27:31,0,992.0,3920,2.0,24170.33,2680.179,0.0,2680.179,
92,0,187,10.845,10.845,17.775,284,4917647,,109,0,380,17.775,202,,2017-01-30 15:35:00,0,699.0,,,39041.35,3600.012,,3600.012,
82,143,189,10.116,10.116,12.512,202,4917647,0.989,104,166,334,12.512,198,200,2016-05-26 18:18:52,0,698.0,5058,0.0,37401.56,3704.352,,3697.356,99.7
75,,,6.915,6.915,14.716,189,4917647,,114,,,14.716,,,2014-02-22 17:07:16,524,1767.0,7768,538.0,47627.84,8378.118,0.0,6887.604,
72,,,5.962,5.962,18.45,189,4917647,,203,,,18.45,,,2014-07-06 10:47:32,1647,5636.0,24497,1659.0,162516.88,32687.798,0.0,27256.931,
75,144,,5.903,5.903,7.157,202,4917647,,108,156,,7.157,,,2016-01-31 19:23:25,2,767.0,5342,7.0,25186.6,4266.795,,4266.795,
,,,7.205,7.205,15.545,202,4917647,,,,,15.545,,,2016-05-29 09:54:48,1062,3254.0,,1055.0,86687.78,13671.18,,12031.195,
92,,,7.769,7.769,11.073,189,4917647,,103,,,11.073,,,2015-02-27 17:34:04,0,926.0,5509,0.0,28015.7,3606.2,0.0,3606.2,
75,,,7.571,7.571,11.859,202,4917647,,246,,,11.859,,,2016-05-07 08:54:34,96,305.0,1148,45.0,7395.96,1510.896,,976.898,
82,141,170,9.77,9.77,11.215,202,4917647,0.875,104,155,248,11.215,175,200,2016-05-25 18:12:42,0,522.0,4230,0.0,30047.53,3075.632,,3075.632,64.9
88,,,10.382,10.382,12.983,189,4917647,,97,,,12.983,,,2014-10-18 20:17:28,0,1067.0,3973,4.0,28283.98,2724.223,0.0,2724.223,
78,,,7.757,7.757,14.047,242,4917647,,97,,,14.047,,,2018-09-03 18:12:59,227,1050.0,4329,211.0,29604.41,3864.372,0.0,3816.401,
83,,,8.101,8.101,16.144,324,4917647,,120,,,16.144,,,2017-08-27 10:56:55,752,3429.0,14873,748.0,97291.34,15017.022,0.0,12009.721,
84,149,185,9.942,9.942,12.774,189,4917647,0.962,91,171,350,12.774,192,200,2015-07-21 06:33:20,0,490.0,3706,0.0,26507.24,2666.285,,2666.285,67.6
86,,174,9.741,9.741,11.803,202,4917647,0.975,105,,282,11.803,195,200,2016-01-29 14:55:57,7,714.0,5906,7.0,40040.79,4115.512,,4110.402,107.8
73,140,,7.405,7.405,16.497,202,4917647,,241,164,,16.497,,,2016-05-15 08:31:18,890,1363.0,11109,916.0,72900.86,10085.13,,9844.288,
77,,,8.487,8.487,15.812,202,4917647,,110,,,15.812,,,2016-08-17 13:00:13,209,883.0,3133,213.0,23325.04,2842.223,0.0,2748.236,
75,,,6.618,6.618,14.755,189,4917647,,115,,,14.755,,,2015-03-29 13:43:58,935,2416.0,10303,886.0,62701.57,16992.17,0.0,9474.463,
74,,,8.603,8.603,13.953,202,4917647,,111,,,13.953,,,2016-04-21 07:58:17,486,2736.0,10560,417.0,75719.81,299313.665,0.0,8801.871,
,,,6.883,6.883,13.719,189,4917647,,,,,13.719,,,2013-09-27 16:28:50,416,1399.0,,412.0,39963.45,6525.229,0.0,5806.072,
,,,4.087,4.087,4.507,242,4917647,,,,,4.507,,,2017-01-22 09:14:06,9,749.0,,14.0,10096.76,2470.537,,2470.537,
82,,,9.059,9.059,12.889,189,4917647,,99,,,12.889,,,2015-01-10 17:52:07,0,1135.0,4500,4.0,29901.15,3301.774,0.0,3300.775,
,,,5.589,5.589,17.262,193,4917647,,,,,17.262,,,2015-07-27 17:18:32,560,1173.0,,547.0,30877.58,8563.966,,5524.801,
74,,,7.906,7.906,15.864,202,4917647,,103,,,15.864,,,2016-06-04 08:15:18,782,2394.0,9468,776.0,63784.82,44148.852,0.0,8067.848,
81,,,9.441,9.441,12.161,189,4917647,,97,,,12.161,,,2015-01-03 14:39:32,1,1388.0,5234,10.0,36867.09,3905.154,0.0,3905.154,
92,,,8.186,8.186,11.436,189,4917647,,101,,,11.436,,,2015-05-08 14:32:15,4,786.0,3236,0.0,22354.04,9902.16,0.0,2730.87,
77,,,7.646,7.646,15.584,284,4917647,,111,,,15.584,,,2017-02-12 11:41:50,877,3590.0,14397,898.0,100554.1,15408.924,0.0,13151.279,
79,,149,9.219,9.219,13.474,202,4917647,0.802,103,,351,13.474,160,200,2016-06-01 07:07:54,1,400.0,3568,0.0,24707.11,2685.696,,2679.902,47.4
86,,181,9.884,9.884,12.792,207,4917647,0.496,107,,352,12.792,199,400,2016-10-01 17:44:05,1,701.0,5583,0.0,38452.13,3895.51,,3890.514,26.4
81,,,8.033,8.033,10.24,189,4917647,,100,,,10.24,,,2014-07-19 08:43:35,0,875.0,4917,6.0,29225.11,3642.104,0.0,3638.099,
,,,7.978,7.978,16.011,202,4917647,,,,,16.011,,,2016-08-28 09:03:53,541,2980.0,,560.0,81261.14,10937.795,,10185.689,
77,,,8.273,8.273,11.58,189,4917647,,93,,,11.58,,,2014-10-12 13:00:04,4,500.0,2320,0.0,14947.91,1807.928,0.0,1806.929,
79,,,7.599,7.599,16.928,242,4917647,,131,,,16.928,,,2016-11-27 11:25:34,1033,2866.0,11117,1040.0,73659.24,11537.407,0.0,9693.671,
